id_student,code_module,code_presentation,date_registration,date_unregistration
1,AAA,2014B,-22,
2,FFF,2014J,-6,
3,EEE,2014J,-12,
4,DDD,2014B,-29,
5,DDD,2013B,-9,
6,GGG,2014B,-23,
7,AAA,2014J,-3,
8,EEE,2013B,-30,28.0
9,BBB,2014J,-19,
10,AAA,2014B,-30,
11,DDD,2014J,-11,
12,GGG,2014J,-16,7.0
13,FFF,2013B,-14,
14,FFF,2013B,-9,
15,FFF,2014J,-3,
16,FFF,2014J,-19,21.0
17,DDD,2014B,-13,
18,AAA,2013B,-11,
19,FFF,2013B,-3,
20,DDD,2013B,-25,
21,DDD,2014B,-14,21.0
22,CCC,2014J,-5,77.0
23,BBB,2013B,-22,105.0
24,GGG,2013B,-19,14.0
25,FFF,2013B,-17,
26,EEE,2014J,-9,7.0
27,CCC,2014B,-10,70.0
28,FFF,2014J,-26,
29,DDD,2013B,-24,
30,DDD,2014B,-5,35.0
31,DDD,2014B,-10,
32,BBB,2014B,-14,
33,AAA,2014B,-17,
34,DDD,2013B,0,
35,GGG,2013B,-3,
36,AAA,2014J,-18,
37,GGG,2014B,-20,
38,FFF,2013B,-3,56.0
39,BBB,2014B,-20,
40,EEE,2014J,-18,
41,BBB,2014B,-2,
42,FFF,2014J,-27,
43,EEE,2013B,-9,21.0
44,CCC,2013B,-9,
45,AAA,2014B,-19,
46,GGG,2014J,-25,
47,DDD,2014J,-4,
48,GGG,2014B,-6,
49,EEE,2013B,-4,14.0
50,FFF,2014B,-20,
51,FFF,2013B,-1,
52,BBB,2013B,-7,
53,CCC,2013B,-23,
54,DDD,2014J,-16,
55,DDD,2014B,-21,14.0
56,AAA,2013B,-14,
57,DDD,2014B,-25,7.0
58,BBB,2014J,-8,
59,FFF,2014J,-16,21.0
60,EEE,2014B,-10,
61,GGG,2013B,-11,7.0
62,FFF,2014B,-10,
63,CCC,2014B,-7,28.0
64,GGG,2014J,-10,
65,CCC,2014B,-15,
66,CCC,2014J,-12,
67,GGG,2014B,-11,
68,CCC,2014B,-5,
69,AAA,2013B,-16,
70,DDD,2014B,-21,63.0
71,FFF,2013B,-23,
72,BBB,2014B,-25,7.0
73,DDD,2014J,-12,
74,AAA,2014B,-8,84.0
75,EEE,2014B,-21,
76,DDD,2014J,-14,7.0
77,CCC,2013B,-19,42.0
78,BBB,2013B,-3,
79,DDD,2014B,-2,
80,EEE,2014B,-1,14.0
81,GGG,2014B,-4,
82,DDD,2014J,-4,
83,BBB,2014B,-13,
84,FFF,2014B,-14,70.0
85,EEE,2014B,-21,
86,EEE,2014J,-7,
87,AAA,2014J,-21,
88,CCC,2013B,-20,
89,FFF,2013B,-1,
90,FFF,2013B,-30,
91,DDD,2014B,-27,
92,FFF,2014B,-6,7.0
93,FFF,2013B,-9,28.0
94,CCC,2014B,-6,105.0
95,GGG,2014B,-16,
96,CCC,2014J,-30,7.0
97,BBB,2014B,-21,56.0
98,EEE,2014B,-4,49.0
99,EEE,2014B,-10,
100,AAA,2013B,-3,
101,FFF,2014B,-30,21.0
102,BBB,2013B,-21,
103,FFF,2013B,-9,7.0
104,AAA,2014B,-30,
105,FFF,2014B,-17,
106,FFF,2014B,-3,
107,FFF,2014J,-25,
108,EEE,2013B,-28,
109,DDD,2014J,-11,
110,EEE,2014B,-23,
111,BBB,2014J,-25,
112,FFF,2014J,-14,70.0
113,DDD,2014J,-12,84.0
114,DDD,2014B,-5,
115,DDD,2014B,-27,7.0
116,DDD,2014B,-6,70.0
117,AAA,2014J,-10,
118,AAA,2013B,-9,70.0
119,BBB,2014J,-23,35.0
120,AAA,2014J,-5,
121,DDD,2013B,-27,
122,EEE,2013B,-9,63.0
123,EEE,2013B,-26,
124,DDD,2014B,-11,
125,FFF,2013B,-17,
126,DDD,2013B,-25,
127,AAA,2013B,-24,7.0
128,FFF,2013B,-17,
129,EEE,2014B,-19,28.0
130,EEE,2013B,-17,
131,DDD,2014B,-17,
132,DDD,2013B,-30,
133,AAA,2013B,-17,
134,DDD,2014J,-18,105.0
135,FFF,2014J,-18,
136,CCC,2013B,-23,
137,EEE,2013B,-25,
138,AAA,2014J,-28,
139,CCC,2014J,-11,
140,DDD,2014B,-14,
141,GGG,2014J,-5,
142,BBB,2013B,-23,56.0
143,BBB,2014B,-18,14.0
144,CCC,2014B,-25,42.0
145,GGG,2014J,-1,
146,FFF,2013B,-6,14.0
147,AAA,2014B,-26,14.0
148,BBB,2014J,-5,
149,FFF,2013B,-2,
150,AAA,2013B,-10,14.0
151,FFF,2014J,0,
152,BBB,2014J,-25,
153,GGG,2014B,-22,
154,CCC,2013B,-11,
155,DDD,2014B,-14,
156,EEE,2013B,-8,
157,AAA,2014B,-1,
158,DDD,2013B,-23,
159,DDD,2014J,-3,14.0
160,FFF,2014J,-26,
161,GGG,2014B,-16,
162,EEE,2014B,-17,
163,CCC,2013B,-6,
164,CCC,2014J,-17,28.0
165,CCC,2013B,-5,21.0
166,FFF,2014B,-26,56.0
167,CCC,2014J,0,
168,BBB,2013B,-25,
169,CCC,2013B,-12,
170,AAA,2014J,-15,
171,AAA,2014B,-28,
172,AAA,2014B,-14,
173,FFF,2014B,-3,
174,FFF,2014J,-14,
175,EEE,2014B,-9,
176,DDD,2014B,0,
177,FFF,2014B,-21,
178,BBB,2014J,-29,
179,GGG,2014B,-9,
180,DDD,2013B,-6,
181,GGG,2014B,-26,
182,BBB,2014J,-20,
183,DDD,2013B,-19,
184,EEE,2013B,-7,
185,DDD,2014J,-3,
186,DDD,2014J,-8,
187,BBB,2013B,-21,
188,CCC,2013B,-11,84.0
189,BBB,2014J,-22,
190,CCC,2014J,-11,
191,EEE,2014J,-1,
192,EEE,2014J,-10,
193,EEE,2014B,-6,
194,CCC,2014J,-7,
195,GGG,2014B,-16,
196,AAA,2014B,-26,
197,CCC,2014B,0,28.0
198,AAA,2014B,-19,
199,CCC,2014B,-3,
200,GGG,2014J,-4,
201,CCC,2014J,-9,
202,GGG,2014B,-14,14.0
203,DDD,2013B,-22,
204,EEE,2014B,-26,
205,DDD,2013B,-3,
206,BBB,2013B,-1,
207,FFF,2014J,-10,
208,GGG,2014B,0,
209,BBB,2014J,-24,
210,FFF,2014B,-15,168.0
211,BBB,2014B,-25,7.0
212,FFF,2014B,-14,
213,FFF,2014J,-3,
214,DDD,2013B,-21,
215,FFF,2014B,-17,
216,BBB,2014B,-14,
217,AAA,2014B,-16,
218,AAA,2014J,0,
219,DDD,2013B,-17,
220,GGG,2014B,-23,35.0
221,AAA,2014B,-20,
222,DDD,2014J,-21,
223,EEE,2013B,-21,
224,BBB,2013B,-3,14.0
225,FFF,2013B,-15,
226,CCC,2014B,-19,
227,FFF,2013B,-26,
228,EEE,2014B,0,
229,DDD,2013B,-26,
230,BBB,2014B,-20,
231,DDD,2014B,-9,91.0
232,FFF,2014J,-30,21.0
233,AAA,2013B,-21,98.0
234,FFF,2013B,-1,112.0
235,DDD,2013B,-30,98.0
236,FFF,2014B,-23,
237,EEE,2014J,-28,
238,DDD,2013B,-9,63.0
239,CCC,2013B,-30,
240,EEE,2014B,-29,
241,AAA,2014J,-16,56.0
242,EEE,2014J,-7,
243,AAA,2014B,-2,98.0
244,EEE,2013B,-24,14.0
245,EEE,2014B,-13,
246,AAA,2014B,-6,
247,FFF,2014B,-8,63.0
248,CCC,2014B,-1,
249,FFF,2014B,-28,
250,AAA,2014J,-29,7.0
251,BBB,2013B,-9,
252,DDD,2013B,-19,
253,BBB,2013B,-8,
254,CCC,2014B,-8,21.0
255,EEE,2014B,-17,
256,BBB,2014J,0,
257,EEE,2014B,-3,21.0
258,AAA,2014B,-19,
259,BBB,2014J,-30,
260,EEE,2014J,0,168.0
261,FFF,2014J,0,21.0
262,BBB,2014B,-3,
263,CCC,2013B,-29,35.0
264,GGG,2014J,-8,42.0
265,GGG,2014B,-1,
266,EEE,2013B,-19,
267,DDD,2014B,-7,
268,CCC,2013B,-14,
269,EEE,2014J,-16,
270,EEE,2014B,-8,49.0
271,CCC,2014J,-13,
272,AAA,2014B,-9,
273,BBB,2013B,-24,
274,GGG,2014B,-22,
275,CCC,2014B,-11,
276,DDD,2013B,-13,
277,DDD,2014J,-19,
278,FFF,2013B,-5,
279,AAA,2014J,-20,
280,AAA,2014J,-16,7.0
281,BBB,2013B,-21,35.0
282,DDD,2013B,-13,
283,EEE,2013B,-13,
284,DDD,2014J,-20,
285,DDD,2013B,-7,42.0
286,GGG,2014B,-26,
287,BBB,2014B,-7,84.0
288,EEE,2013B,-28,
289,DDD,2014J,-23,
290,DDD,2014J,-18,
291,FFF,2013B,-17,
292,BBB,2014J,-11,
293,GGG,2014J,-1,98.0
294,CCC,2014J,-7,14.0
295,DDD,2013B,-14,
296,DDD,2013B,-28,
297,FFF,2013B,0,
298,DDD,2014B,-21,14.0
299,BBB,2014J,-11,
300,AAA,2014J,-5,
301,CCC,2014J,-9,
302,FFF,2014B,-27,49.0
303,AAA,2014B,-22,
304,GGG,2013B,0,
305,DDD,2013B,-7,28.0
306,AAA,2013B,-11,
307,CCC,2013B,-17,
308,DDD,2014J,-1,56.0
309,CCC,2014B,-8,
310,AAA,2014J,-8,
311,EEE,2013B,-2,
312,EEE,2014J,-1,70.0
313,AAA,2014J,-4,
314,BBB,2014J,-10,
315,BBB,2014B,-23,
316,EEE,2014B,-22,
317,FFF,2014B,-26,7.0
318,FFF,2014B,-6,77.0
319,GGG,2013B,-20,14.0
320,FFF,2013B,-23,105.0
321,CCC,2014B,-8,
322,AAA,2013B,-13,
323,EEE,2013B,-23,28.0
324,GGG,2013B,-19,
325,GGG,2014B,-16,
326,BBB,2014J,-6,
327,BBB,2014B,-30,
328,AAA,2013B,-7,
329,AAA,2014B,-28,
330,DDD,2014B,-4,
331,DDD,2014B,-27,
332,CCC,2014B,-23,
333,CCC,2014B,-19,70.0
334,FFF,2013B,0,
335,DDD,2014J,-18,
336,FFF,2014B,-6,
337,GGG,2013B,-23,14.0
338,CCC,2013B,-19,
339,BBB,2014J,-14,
340,GGG,2014B,-27,
341,EEE,2013B,-30,35.0
342,CCC,2014B,-20,
343,EEE,2014B,-6,
344,DDD,2014J,-27,
345,GGG,2014B,-5,
346,BBB,2014J,-11,
347,GGG,2014B,-22,
348,GGG,2014J,-27,
349,BBB,2013B,-13,
350,BBB,2014B,-17,
351,DDD,2014J,-27,
352,AAA,2013B,-10,
353,CCC,2014B,-5,7.0
354,DDD,2014B,-16,
355,GGG,2014J,-17,
356,GGG,2014J,-3,
357,BBB,2013B,-18,
358,GGG,2013B,-23,
359,AAA,2014J,-4,
360,FFF,2013B,-14,56.0
361,FFF,2014B,-1,
362,GGG,2014J,-2,
363,BBB,2014J,-5,
364,GGG,2014J,-20,
365,AAA,2013B,-8,
366,DDD,2013B,-16,
367,DDD,2013B,-7,
368,CCC,2014J,-2,
369,AAA,2013B,-8,
370,FFF,2014B,-15,
371,CCC,2014J,0,
372,EEE,2014B,-4,98.0
373,CCC,2014J,-23,
374,CCC,2014B,-1,
375,GGG,2014B,-16,
376,AAA,2014J,-23,
377,FFF,2014B,-21,
378,FFF,2013B,-6,
379,CCC,2014B,-19,
380,BBB,2014J,-10,
381,AAA,2014J,-17,
382,GGG,2013B,0,70.0
383,GGG,2013B,-26,49.0
384,BBB,2014B,-12,7.0
385,AAA,2014J,-19,
386,AAA,2014B,-6,
387,AAA,2014B,-1,
388,FFF,2014J,-20,119.0
389,GGG,2014B,-2,
390,BBB,2014J,-12,21.0
391,FFF,2014B,-29,
392,BBB,2014J,-6,
393,CCC,2013B,-13,
394,EEE,2014J,-1,
395,FFF,2014J,-16,
396,GGG,2013B,-23,42.0
397,AAA,2013B,-25,14.0
398,BBB,2014J,-28,70.0
399,BBB,2013B,-9,
400,CCC,2014B,0,21.0
401,GGG,2013B,-10,
402,FFF,2014B,-12,
403,CCC,2014J,-30,
404,GGG,2014B,-30,
405,DDD,2013B,-15,21.0
406,DDD,2014B,-14,7.0
407,DDD,2013B,-17,
408,BBB,2014B,-1,35.0
409,GGG,2013B,-20,
410,AAA,2014B,0,
411,BBB,2013B,-22,
412,BBB,2013B,-20,
413,BBB,2013B,-21,
414,AAA,2014J,-6,
415,AAA,2014J,-20,
416,EEE,2014J,-16,
417,GGG,2014J,-27,
418,AAA,2014B,-18,
419,CCC,2013B,-24,
420,DDD,2014J,-7,
421,GGG,2014J,-5,
422,EEE,2014B,-22,
423,FFF,2013B,0,
424,EEE,2014B,-17,
425,CCC,2014B,-5,14.0
426,BBB,2014J,-23,91.0
427,GGG,2013B,-4,63.0
428,FFF,2014B,-26,
429,AAA,2014J,-19,98.0
430,FFF,2014J,-19,
431,AAA,2013B,-25,
432,FFF,2014B,-1,
433,FFF,2014B,-21,
434,AAA,2014B,-18,
435,DDD,2013B,-30,21.0
436,AAA,2013B,-9,
437,DDD,2013B,-25,42.0
438,GGG,2014J,-22,28.0
439,AAA,2014B,-2,
440,CCC,2013B,-4,
441,GGG,2014J,-27,84.0
442,CCC,2014B,-11,
443,AAA,2014B,-7,
444,DDD,2013B,-1,21.0
445,DDD,2014B,-23,
446,EEE,2014B,-20,
447,CCC,2014B,-23,
448,GGG,2014B,-14,
449,DDD,2014B,-12,
450,CCC,2014J,-25,
451,GGG,2014J,-30,
452,GGG,2014B,-26,21.0
453,DDD,2013B,-24,
454,AAA,2013B,-12,
455,EEE,2013B,-24,21.0
456,DDD,2013B,-6,
457,BBB,2014B,-11,
458,EEE,2013B,-24,
459,FFF,2013B,0,
460,AAA,2014J,-9,28.0
461,FFF,2013B,-4,
462,AAA,2014J,-10,77.0
463,FFF,2013B,-10,
464,CCC,2014B,-16,
465,AAA,2013B,-10,
466,GGG,2014B,-7,14.0
467,BBB,2013B,0,
468,EEE,2013B,-12,42.0
469,BBB,2014J,-7,
470,GGG,2014J,-1,
471,FFF,2014B,-12,
472,FFF,2014J,-7,
473,DDD,2014J,-25,
474,DDD,2014J,-3,21.0
475,EEE,2014J,0,
476,FFF,2013B,-19,7.0
477,FFF,2013B,-3,
478,AAA,2014B,-5,
479,EEE,2014B,-23,
480,AAA,2014J,0,
481,CCC,2013B,-12,
482,FFF,2013B,-25,
483,BBB,2013B,-27,
484,FFF,2014J,-15,98.0
485,DDD,2014J,-14,
486,BBB,2014J,-4,63.0
487,CCC,2014J,-15,
488,DDD,2014J,-18,
489,FFF,2014B,-21,98.0
490,EEE,2014B,-15,21.0
491,GGG,2013B,-22,
492,GGG,2014B,-7,
493,FFF,2013B,-26,56.0
494,EEE,2014J,-5,
495,CCC,2014B,-24,
496,CCC,2014B,-24,
497,AAA,2014B,0,42.0
498,CCC,2014J,-18,42.0
499,GGG,2014J,-9,
500,CCC,2014B,-18,
501,AAA,2014J,0,7.0
502,EEE,2014J,-26,
503,GGG,2014J,-16,
504,GGG,2014J,-28,7.0
505,BBB,2013B,-13,
506,DDD,2014B,-7,14.0
507,DDD,2013B,-16,
508,BBB,2013B,-4,
509,BBB,2014B,-7,
510,BBB,2013B,-1,
511,GGG,2013B,0,
512,FFF,2014J,-1,
513,FFF,2013B,-17,56.0
514,FFF,2014B,0,
515,GGG,2014J,-10,
516,AAA,2013B,-28,
517,GGG,2014B,-28,
518,AAA,2014J,-18,
519,DDD,2014J,-13,
520,EEE,2014J,-28,
521,CCC,2014B,-13,
522,BBB,2014J,-9,
523,BBB,2014B,-9,63.0
524,FFF,2014B,0,42.0
525,CCC,2014J,-19,14.0
526,CCC,2014J,-29,56.0
527,GGG,2014B,-1,7.0
528,BBB,2014J,-14,
529,GGG,2014B,-11,
530,GGG,2013B,-14,
531,EEE,2014B,-15,
532,BBB,2014J,-25,
533,BBB,2014B,-13,
534,BBB,2014B,-5,
535,EEE,2014J,-27,84.0
536,BBB,2014J,-18,21.0
537,DDD,2014B,-2,49.0
538,AAA,2014J,-17,
539,DDD,2014B,-25,14.0
540,AAA,2014B,-1,
541,EEE,2014J,-26,
542,AAA,2013B,-23,
543,BBB,2013B,-16,
544,BBB,2013B,-19,
545,FFF,2014J,-18,
546,AAA,2013B,-7,
547,DDD,2014J,-13,21.0
548,EEE,2014J,-16,
549,DDD,2014J,-9,
550,EEE,2014J,-12,
551,FFF,2014J,-11,
552,CCC,2013B,-16,
553,FFF,2014J,-13,
554,CCC,2013B,-22,28.0
555,GGG,2014B,-18,28.0
556,DDD,2014J,-25,
557,FFF,2013B,-28,
558,GGG,2013B,-4,
559,FFF,2014J,-5,7.0
560,FFF,2013B,-22,35.0
561,DDD,2013B,-16,
562,AAA,2013B,0,
563,DDD,2013B,-14,
564,BBB,2014B,-30,
565,GGG,2014J,-13,
566,BBB,2014B,-3,
567,BBB,2013B,-23,
568,BBB,2014J,-1,7.0
569,EEE,2014B,-7,
570,DDD,2013B,-29,
571,GGG,2014B,0,91.0
572,CCC,2013B,-11,
573,BBB,2014B,-24,28.0
574,AAA,2014J,-6,
575,AAA,2014B,-5,
576,CCC,2014J,-11,28.0
577,GGG,2014J,-1,
578,DDD,2014B,-3,35.0
579,GGG,2014J,-21,
580,AAA,2014J,-26,63.0
581,AAA,2014B,-5,
582,FFF,2014J,-1,
583,AAA,2014B,-21,
584,AAA,2014J,-13,7.0
585,CCC,2013B,-15,
586,GGG,2014B,-20,49.0
587,EEE,2013B,-14,
588,AAA,2013B,-14,84.0
589,FFF,2014B,0,
590,FFF,2013B,-20,28.0
591,FFF,2013B,-26,7.0
592,GGG,2014J,-16,
593,BBB,2013B,-26,
594,GGG,2014J,-26,
595,CCC,2013B,-11,
596,FFF,2014B,-4,14.0
597,EEE,2013B,-27,
598,FFF,2013B,-18,
599,EEE,2014J,-25,98.0
600,EEE,2013B,-16,
601,EEE,2014J,-12,
602,FFF,2014B,-2,
603,FFF,2014B,-3,7.0
604,AAA,2014J,-2,
605,FFF,2014B,-17,
606,DDD,2014B,-6,7.0
607,CCC,2014B,-21,91.0
608,DDD,2014B,-30,
609,GGG,2014J,-2,
610,GGG,2014B,-2,
611,FFF,2013B,-25,77.0
612,DDD,2014J,-25,
613,FFF,2014B,-2,28.0
614,CCC,2014J,-17,7.0
615,EEE,2014B,-6,
616,EEE,2013B,-3,
617,BBB,2014J,-14,35.0
618,BBB,2014J,-28,
619,AAA,2013B,-12,63.0
620,AAA,2014J,-26,
621,DDD,2013B,-9,
622,DDD,2014J,-13,
623,BBB,2014B,-17,14.0
624,CCC,2014B,-16,
625,EEE,2013B,-1,
626,BBB,2013B,-18,
627,CCC,2014J,-4,
628,CCC,2014B,-5,
629,DDD,2013B,0,
630,CCC,2014B,-3,
631,FFF,2014J,-11,
632,CCC,2013B,0,
633,DDD,2014J,-9,
634,CCC,2014J,-27,
635,BBB,2014B,-28,
636,EEE,2013B,-10,
637,BBB,2014J,-14,
638,CCC,2014J,-3,
639,FFF,2014B,-14,
640,GGG,2014B,-23,
641,EEE,2014J,-4,
642,GGG,2013B,-16,14.0
643,FFF,2013B,-1,
644,DDD,2014B,-30,
645,FFF,2014B,-30,
646,CCC,2014B,-26,84.0
647,DDD,2014B,-1,
648,DDD,2014J,-27,56.0
649,GGG,2014B,-8,
650,FFF,2014B,-9,
651,DDD,2014J,-3,28.0
652,EEE,2013B,-11,84.0
653,BBB,2014J,-30,42.0
654,FFF,2014J,-29,
655,DDD,2014B,-30,
656,DDD,2014B,-12,98.0
657,FFF,2014B,-17,
658,EEE,2013B,-28,
659,AAA,2014B,-30,
660,CCC,2014J,-24,7.0
661,BBB,2014B,-16,28.0
662,FFF,2013B,-3,
663,AAA,2014B,-5,
664,BBB,2013B,-17,
665,EEE,2014J,-22,
666,EEE,2014B,-6,
667,DDD,2013B,-1,
668,GGG,2014B,-21,
669,GGG,2014B,-15,
670,AAA,2014B,-27,
671,GGG,2014B,-26,49.0
672,EEE,2014J,-3,
673,EEE,2014J,-23,21.0
674,AAA,2013B,-25,
675,EEE,2013B,-21,
676,FFF,2014J,-20,
677,EEE,2014B,-24,
678,AAA,2013B,-9,
679,DDD,2014B,-13,
680,GGG,2013B,-12,
681,FFF,2013B,0,
682,AAA,2013B,-2,
683,GGG,2013B,-22,21.0
684,GGG,2013B,0,
685,BBB,2014J,-9,
686,FFF,2014B,-26,
687,CCC,2014B,-21,
688,EEE,2014J,-23,
689,DDD,2014J,-6,
690,FFF,2014J,-11,
691,GGG,2013B,-6,49.0
692,FFF,2014J,-26,42.0
693,GGG,2014J,-15,
694,GGG,2013B,-14,
695,AAA,2014J,-9,14.0
696,BBB,2014J,-19,28.0
697,FFF,2014J,-29,
698,EEE,2014B,-3,49.0
699,AAA,2013B,-17,
700,AAA,2014J,-2,
701,DDD,2014B,-18,
702,EEE,2014J,-22,
703,BBB,2013B,-16,
704,BBB,2013B,-28,
705,AAA,2014J,-13,42.0
706,DDD,2014B,0,
707,AAA,2014J,-23,
708,EEE,2014J,-26,
709,DDD,2014B,-26,
710,DDD,2013B,-25,
711,EEE,2014J,-18,
712,DDD,2014J,-23,28.0
713,FFF,2014B,-8,
714,FFF,2014J,-20,14.0
715,GGG,2013B,-19,
716,FFF,2014B,-26,7.0
717,DDD,2013B,-13,
718,DDD,2014B,-21,
719,BBB,2014B,-9,
720,EEE,2014B,-30,
721,AAA,2013B,-11,
722,GGG,2014J,-6,
723,FFF,2014B,-8,
724,AAA,2014B,-22,70.0
725,FFF,2014J,-9,
726,AAA,2014B,-5,
727,FFF,2014J,-14,
728,AAA,2013B,-10,
729,DDD,2014J,-5,
730,EEE,2014J,-16,70.0
731,FFF,2014J,-26,
732,CCC,2014J,0,
733,GGG,2014J,-20,
734,FFF,2014B,-19,
735,BBB,2014J,-11,
736,EEE,2014J,-25,
737,FFF,2014B,-20,
738,CCC,2014J,-13,
739,FFF,2013B,-8,
740,GGG,2014J,-26,
741,FFF,2014J,-5,42.0
742,FFF,2013B,-22,
743,EEE,2013B,-2,
744,BBB,2013B,-2,
745,FFF,2013B,-8,35.0
746,CCC,2014J,-3,
747,DDD,2014B,-26,
748,CCC,2014B,-16,
749,CCC,2014J,-26,
750,BBB,2014B,-16,7.0
751,GGG,2014J,-12,
752,BBB,2014J,-13,28.0
753,AAA,2013B,-28,
754,GGG,2014B,-28,
755,DDD,2014B,0,
756,DDD,2014B,-23,
757,FFF,2014J,-15,28.0
758,CCC,2014B,-13,
759,AAA,2013B,-26,
760,FFF,2014B,-21,28.0
761,BBB,2014B,-12,
762,DDD,2013B,-24,
763,GGG,2014J,-6,
764,GGG,2013B,-10,
765,CCC,2013B,0,
766,FFF,2014B,-13,
767,EEE,2013B,-6,
768,DDD,2014J,-20,
769,AAA,2013B,-9,
770,CCC,2014B,-1,
771,EEE,2013B,-5,
772,GGG,2014B,-6,
773,AAA,2014J,-17,
774,FFF,2014B,-12,14.0
775,FFF,2014B,-12,
776,GGG,2013B,-24,
777,CCC,2013B,-22,
778,AAA,2014B,-10,
779,BBB,2014B,-11,7.0
780,FFF,2013B,-9,
781,GGG,2014J,-12,
782,EEE,2014B,-12,
783,AAA,2013B,-14,
784,AAA,2013B,-11,
785,DDD,2014B,-19,
786,EEE,2014B,-25,
787,AAA,2014J,-10,
788,EEE,2014B,-20,
789,DDD,2014B,-7,
790,AAA,2014J,-3,
791,AAA,2014B,-18,
792,DDD,2014J,-26,91.0
793,FFF,2014B,-30,
794,FFF,2014J,-12,
795,DDD,2014B,-3,
796,CCC,2014J,-3,
797,GGG,2014J,-3,
798,DDD,2014B,-30,35.0
799,CCC,2013B,-29,
800,DDD,2013B,-1,77.0
801,AAA,2013B,-10,
802,CCC,2013B,-3,
803,DDD,2014B,0,49.0
804,GGG,2013B,-8,
805,FFF,2013B,-18,70.0
806,FFF,2013B,-9,
807,DDD,2013B,-11,
808,AAA,2014B,-4,
809,CCC,2014J,-4,
810,GGG,2014J,-25,
811,AAA,2014J,-3,
812,GGG,2014J,-9,
813,EEE,2014J,-8,
814,BBB,2013B,-20,
815,FFF,2013B,-15,
816,FFF,2014B,-3,
817,AAA,2013B,-26,
818,AAA,2013B,-14,
819,EEE,2014J,-1,
820,GGG,2014B,-7,
821,AAA,2014J,-26,
822,EEE,2014B,-25,
823,AAA,2014B,-15,14.0
824,EEE,2013B,-23,
825,EEE,2013B,-3,
826,AAA,2013B,-5,7.0
827,EEE,2014J,-1,
828,GGG,2014J,-18,
829,GGG,2013B,-22,
830,AAA,2014B,-14,
831,BBB,2014B,-27,
832,BBB,2014B,-8,42.0
833,DDD,2013B,-4,
834,BBB,2013B,-25,
835,FFF,2013B,-24,
836,FFF,2013B,-21,35.0
837,FFF,2013B,-6,
838,BBB,2014B,-20,
839,AAA,2014J,-8,
840,GGG,2014J,-2,
841,CCC,2014B,-17,7.0
842,EEE,2013B,-26,
843,GGG,2014B,-2,42.0
844,AAA,2013B,-19,
845,AAA,2013B,-12,14.0
846,AAA,2014J,-1,
847,BBB,2014B,-3,
848,AAA,2014B,-5,
849,FFF,2014B,-20,7.0
850,EEE,2013B,-10,
851,GGG,2014B,-20,
852,FFF,2014B,-13,
853,GGG,2014J,-20,
854,BBB,2014B,-4,
855,CCC,2013B,-7,
856,FFF,2014J,-1,
857,BBB,2013B,-22,
858,AAA,2013B,-2,
859,EEE,2014B,-23,
860,FFF,2014J,-11,119.0
861,GGG,2013B,-25,35.0
862,GGG,2013B,-8,
863,AAA,2013B,-6,21.0
864,FFF,2014J,-6,7.0
865,FFF,2014J,-22,
866,EEE,2014J,-5,
867,FFF,2013B,-26,84.0
868,FFF,2014J,-8,
869,DDD,2013B,-16,98.0
870,AAA,2014J,-25,
871,DDD,2014J,0,
872,BBB,2014J,-7,14.0
873,AAA,2014J,-26,
874,AAA,2013B,-18,
875,EEE,2014B,-8,
876,DDD,2013B,-24,28.0
877,DDD,2014B,-16,
878,FFF,2014B,-27,42.0
879,DDD,2014J,-30,
880,EEE,2014B,-23,7.0
881,AAA,2014J,-8,35.0
882,FFF,2013B,-15,
883,DDD,2013B,-21,
884,BBB,2014J,-23,14.0
885,FFF,2013B,-6,14.0
886,FFF,2014J,-10,
887,AAA,2014B,-4,
888,BBB,2014J,-1,
889,AAA,2014B,-11,42.0
890,BBB,2014B,-29,
891,AAA,2014J,-1,
892,EEE,2014J,-26,
893,DDD,2013B,-9,
894,GGG,2014J,-23,21.0
895,FFF,2014B,-7,
896,EEE,2014J,-6,
897,DDD,2014B,-6,
898,AAA,2014J,-22,
899,AAA,2014B,-11,
900,EEE,2013B,-25,35.0
901,AAA,2014J,-3,
902,AAA,2013B,-26,14.0
903,BBB,2014B,-4,
904,GGG,2014J,-26,28.0
905,DDD,2014J,-22,91.0
906,EEE,2014J,-8,
907,CCC,2014B,-1,28.0
908,BBB,2014J,-9,28.0
909,CCC,2013B,-20,
910,AAA,2014J,-21,
911,FFF,2013B,-11,
912,BBB,2014J,-17,28.0
913,CCC,2014B,-24,
914,GGG,2014J,-11,
915,EEE,2014B,-17,70.0
916,DDD,2014J,0,
917,DDD,2014J,-30,
918,FFF,2014J,-7,
919,BBB,2013B,-6,49.0
920,EEE,2014B,-6,
921,GGG,2014B,-9,7.0
922,EEE,2013B,0,
923,DDD,2013B,-21,
924,BBB,2013B,-19,7.0
925,BBB,2014J,-2,
926,GGG,2014B,-28,
927,DDD,2014J,-5,35.0
928,CCC,2014J,-7,56.0
929,CCC,2013B,-12,
930,EEE,2014J,-27,
931,DDD,2013B,-12,
932,EEE,2014B,-17,7.0
933,BBB,2014J,-28,28.0
934,EEE,2013B,-8,42.0
935,DDD,2014J,-5,
936,GGG,2014B,-13,21.0
937,BBB,2013B,-25,
938,BBB,2014J,-19,
939,DDD,2013B,-14,
940,DDD,2014B,-15,49.0
941,EEE,2014B,-12,21.0
942,CCC,2013B,-23,
943,GGG,2014B,-6,
944,DDD,2014B,-28,
945,AAA,2013B,0,42.0
946,AAA,2014B,-18,
947,GGG,2013B,-5,56.0
948,AAA,2014B,-29,
949,GGG,2013B,-10,98.0
950,BBB,2014J,0,
951,AAA,2014J,-1,
952,CCC,2014J,-17,
953,EEE,2014J,-19,
954,CCC,2013B,-3,42.0
955,FFF,2014B,-11,
956,EEE,2013B,-1,
957,CCC,2013B,-23,
958,EEE,2014B,-17,
959,GGG,2014B,-21,
960,CCC,2013B,-17,21.0
961,BBB,2013B,-3,
962,CCC,2014B,-3,49.0
963,FFF,2013B,-12,
964,BBB,2013B,-29,
965,GGG,2014B,-17,
966,EEE,2013B,-15,63.0
967,EEE,2014J,-8,
968,CCC,2014J,-22,
969,GGG,2014J,-13,
970,AAA,2013B,-7,21.0
971,CCC,2014B,-13,
972,CCC,2014J,-5,
973,DDD,2014B,-23,
974,DDD,2013B,-11,
975,BBB,2014J,-16,
976,BBB,2013B,-18,
977,AAA,2014J,-17,
978,EEE,2013B,-13,
979,CCC,2014J,-15,
980,DDD,2013B,-13,
981,EEE,2014J,-1,21.0
982,EEE,2014B,-11,
983,DDD,2013B,-14,
984,EEE,2014J,-2,
985,EEE,2014J,-23,
986,EEE,2014J,-23,14.0
987,EEE,2014B,-27,
988,CCC,2013B,-24,
989,BBB,2013B,-28,
990,FFF,2013B,-25,
991,CCC,2013B,-10,
992,DDD,2013B,-9,49.0
993,BBB,2014B,-10,
994,DDD,2014J,-2,
995,DDD,2014B,-4,
996,EEE,2013B,-20,
997,DDD,2014B,-25,
998,CCC,2013B,-17,
999,GGG,2014B,-2,28.0
1000,DDD,2014J,0,7.0
1001,FFF,2013B,-24,
1002,FFF,2014J,-26,35.0
1003,DDD,2013B,-8,
1004,GGG,2014J,-3,119.0
1005,AAA,2013B,-1,7.0
1006,GGG,2013B,-1,
1007,FFF,2014B,-22,28.0
1008,DDD,2014B,-6,91.0
1009,FFF,2014B,-10,
1010,DDD,2013B,-20,
1011,BBB,2014J,-30,98.0
1012,FFF,2014J,-10,
1013,BBB,2014J,-19,
1014,CCC,2014J,-21,21.0
1015,DDD,2014J,-30,
1016,FFF,2013B,-27,
1017,CCC,2014B,-25,
1018,DDD,2014J,-27,
1019,AAA,2013B,-1,14.0
1020,AAA,2014B,-30,
1021,AAA,2013B,-18,
1022,AAA,2014J,0,
1023,GGG,2014J,-27,
1024,FFF,2013B,-10,
1025,FFF,2014J,-23,28.0
1026,AAA,2014B,-21,
1027,AAA,2014J,-17,
1028,BBB,2013B,-13,
1029,DDD,2013B,-7,
1030,CCC,2014J,-11,21.0
1031,DDD,2014J,-30,28.0
1032,BBB,2013B,-25,
1033,FFF,2013B,-11,
1034,CCC,2014B,-22,
1035,AAA,2013B,-29,35.0
1036,FFF,2014J,-14,
1037,GGG,2014J,-21,
1038,AAA,2014J,-4,
1039,DDD,2014B,-3,
1040,FFF,2014B,-26,
1041,EEE,2014B,-6,56.0
1042,FFF,2014J,-4,42.0
1043,CCC,2014B,-11,84.0
1044,CCC,2014B,-12,
1045,EEE,2014B,-16,56.0
1046,BBB,2014B,-15,
1047,BBB,2014J,-28,28.0
1048,EEE,2014B,-26,7.0
1049,EEE,2014J,-9,
1050,AAA,2013B,-13,
1051,DDD,2014B,-25,
1052,CCC,2014B,-20,63.0
1053,DDD,2014J,-10,
1054,GGG,2013B,-25,49.0
1055,AAA,2013B,-24,21.0
1056,GGG,2014B,-3,
1057,DDD,2014J,-16,
1058,FFF,2014B,-16,
1059,CCC,2014B,-28,
1060,CCC,2013B,-28,
1061,FFF,2014J,-10,
1062,EEE,2014J,-21,
1063,BBB,2013B,-22,
1064,EEE,2014J,-25,
1065,FFF,2013B,-7,
1066,CCC,2014B,-1,
1067,GGG,2014J,-22,
1068,EEE,2014J,-23,14.0
1069,CCC,2013B,-6,
1070,AAA,2013B,-15,
1071,EEE,2014J,-6,
1072,BBB,2013B,-7,42.0
1073,FFF,2014J,-6,
1074,DDD,2013B,-26,7.0
1075,DDD,2013B,-14,
1076,BBB,2014B,-17,63.0
1077,EEE,2014J,-4,14.0
1078,BBB,2013B,-10,
1079,CCC,2014J,-7,35.0
1080,FFF,2014J,-3,21.0
1081,GGG,2013B,-9,28.0
1082,GGG,2013B,-10,
1083,GGG,2014B,-14,
1084,DDD,2014B,-28,63.0
1085,BBB,2013B,-8,
1086,FFF,2014B,-21,14.0
1087,FFF,2014J,-27,
1088,GGG,2013B,-20,
1089,EEE,2013B,-20,
1090,AAA,2014J,-18,
1091,DDD,2014B,-22,
1092,DDD,2014J,-1,
1093,FFF,2014B,-3,7.0
1094,CCC,2014J,-29,
1095,CCC,2014J,-15,
1096,AAA,2014B,-21,
1097,FFF,2014B,-4,
1098,FFF,2014B,-15,
1099,AAA,2013B,-11,
1100,DDD,2014B,-28,
1101,DDD,2014B,-8,7.0
1102,DDD,2014J,-16,
1103,GGG,2014J,-3,
1104,BBB,2014B,-27,
1105,CCC,2014J,-21,7.0
1106,BBB,2014B,-5,
1107,BBB,2014B,-23,28.0
1108,GGG,2013B,-22,7.0
1109,GGG,2013B,-21,
1110,AAA,2014J,-14,
1111,EEE,2013B,-29,21.0
1112,BBB,2013B,-11,49.0
1113,BBB,2013B,-5,
1114,CCC,2014J,-21,
1115,BBB,2013B,-25,77.0
1116,DDD,2013B,-20,
1117,GGG,2014B,-10,
1118,EEE,2014B,-15,14.0
1119,FFF,2014J,-12,
1120,DDD,2013B,-6,
1121,AAA,2014B,-1,
1122,AAA,2013B,-16,
1123,BBB,2013B,-7,
1124,BBB,2013B,-15,
1125,FFF,2013B,-26,77.0
1126,FFF,2014J,-12,
1127,FFF,2014J,-1,112.0
1128,EEE,2013B,-17,
1129,DDD,2014B,-14,
1130,EEE,2013B,-8,
1131,CCC,2014J,-5,
1132,EEE,2013B,-30,
1133,FFF,2014B,-29,42.0
1134,FFF,2013B,-16,56.0
1135,EEE,2014B,-27,
1136,AAA,2014J,-2,
1137,FFF,2014B,-9,
1138,CCC,2014B,-11,
1139,FFF,2014J,-12,
1140,DDD,2014J,-15,
1141,GGG,2013B,-29,28.0
1142,CCC,2014B,-7,7.0
1143,GGG,2014B,-16,
1144,FFF,2014B,-18,
1145,CCC,2014B,-17,
1146,DDD,2014J,-16,
1147,DDD,2014J,-1,
1148,FFF,2013B,-24,
1149,EEE,2014J,-25,
1150,FFF,2014J,-27,98.0
1151,CCC,2014B,-11,
1152,DDD,2014B,-30,
1153,DDD,2013B,-6,98.0
1154,GGG,2014B,-8,
1155,CCC,2013B,-9,
1156,EEE,2014J,-16,
1157,AAA,2013B,-18,21.0
1158,FFF,2014B,-1,
1159,CCC,2014B,-5,
1160,CCC,2014J,-25,
1161,EEE,2014J,-22,
1162,DDD,2014J,-23,
1163,FFF,2013B,-16,14.0
1164,DDD,2013B,-11,
1165,DDD,2014B,-24,
1166,AAA,2014B,-29,
1167,AAA,2013B,-19,
1168,CCC,2014J,-15,
1169,GGG,2013B,-10,7.0
1170,GGG,2013B,-27,
1171,EEE,2014J,-9,
1172,EEE,2014J,-25,
1173,CCC,2014B,-21,
1174,BBB,2013B,-15,28.0
1175,AAA,2013B,-27,
1176,CCC,2013B,-13,91.0
1177,CCC,2014B,-29,
1178,BBB,2014B,-24,7.0
1179,BBB,2014B,-13,
1180,AAA,2014J,-22,
1181,EEE,2014J,-17,
1182,GGG,2014J,-22,
1183,EEE,2013B,-15,
1184,DDD,2014B,-26,
1185,CCC,2013B,-26,42.0
1186,CCC,2013B,-1,
1187,AAA,2014J,-20,
1188,EEE,2014B,-9,
1189,DDD,2014J,-30,70.0
1190,AAA,2013B,-27,
1191,CCC,2014J,-6,
1192,BBB,2013B,-19,
1193,BBB,2013B,-21,
1194,EEE,2013B,-25,
1195,DDD,2013B,-22,
1196,EEE,2014B,-23,
1197,EEE,2013B,-6,
1198,GGG,2013B,-1,21.0
1199,FFF,2014J,-29,
1200,EEE,2013B,-26,
1201,GGG,2014B,-11,42.0
1202,DDD,2014J,-3,28.0
1203,GGG,2014B,-21,
1204,FFF,2013B,-4,7.0
1205,EEE,2013B,-30,
1206,GGG,2014J,-7,
1207,DDD,2014J,-1,
1208,FFF,2014B,-15,
1209,BBB,2014J,-12,
1210,GGG,2013B,-22,
1211,EEE,2013B,-6,
1212,FFF,2014J,-5,28.0
1213,DDD,2014J,-5,7.0
1214,GGG,2014B,-5,
1215,AAA,2014B,-28,
1216,AAA,2014J,-14,
1217,DDD,2014B,-15,
1218,FFF,2014B,-29,
1219,FFF,2014B,-6,49.0
1220,DDD,2014B,-25,
1221,EEE,2014B,-17,
1222,DDD,2014B,-29,
1223,GGG,2014J,-6,
1224,EEE,2014B,-25,
1225,CCC,2013B,-14,21.0
1226,GGG,2014B,-15,
1227,AAA,2014B,-28,63.0
1228,GGG,2013B,-4,35.0
1229,BBB,2013B,-30,91.0
1230,CCC,2013B,-10,
1231,FFF,2013B,-25,
1232,FFF,2013B,-12,
1233,GGG,2014J,-24,56.0
1234,FFF,2014J,-7,
1235,EEE,2013B,-13,49.0
1236,CCC,2014B,-11,
1237,AAA,2013B,0,21.0
1238,AAA,2014J,-17,
1239,CCC,2014B,-7,
1240,AAA,2013B,-5,28.0
1241,DDD,2014B,-20,
1242,FFF,2014B,-21,
1243,GGG,2013B,-9,56.0
1244,DDD,2013B,-2,49.0
1245,GGG,2013B,-30,
1246,GGG,2014J,-27,
1247,GGG,2014J,-25,49.0
1248,DDD,2014J,-11,
1249,CCC,2014B,-17,
1250,GGG,2014B,-15,
1251,BBB,2013B,-21,7.0
1252,CCC,2014B,-17,
1253,AAA,2013B,-6,7.0
1254,FFF,2014J,-17,
1255,EEE,2014J,-18,7.0
1256,AAA,2013B,-29,
1257,BBB,2014J,-19,
1258,DDD,2014B,-7,
1259,DDD,2014B,-26,
1260,FFF,2014J,-20,7.0
1261,BBB,2014J,-22,56.0
1262,GGG,2013B,-16,
1263,DDD,2014J,-5,
1264,FFF,2014B,-4,
1265,BBB,2013B,-19,
1266,AAA,2014J,-13,
1267,AAA,2014B,-5,
1268,CCC,2013B,-4,
1269,GGG,2013B,-12,
1270,AAA,2013B,-26,
1271,CCC,2013B,-19,35.0
1272,AAA,2014B,-22,
1273,GGG,2014B,-9,
1274,EEE,2014J,-23,28.0
1275,FFF,2013B,-29,7.0
1276,EEE,2014B,-3,
1277,EEE,2014B,-27,
1278,FFF,2014B,-6,
1279,AAA,2014J,-1,
1280,GGG,2013B,-5,56.0
1281,FFF,2014B,-15,
1282,FFF,2013B,-13,
1283,CCC,2014B,-8,
1284,FFF,2013B,-24,7.0
1285,CCC,2014J,-17,14.0
1286,AAA,2013B,-19,
1287,GGG,2014J,-22,63.0
1288,BBB,2013B,-13,
1289,AAA,2013B,-17,49.0
1290,EEE,2013B,-30,
1291,BBB,2014B,-28,
1292,GGG,2014B,-11,
1293,DDD,2014B,-13,
1294,AAA,2014B,-4,7.0
1295,GGG,2014J,-28,
1296,DDD,2013B,-20,
1297,BBB,2014B,-18,
1298,EEE,2014B,-9,7.0
1299,DDD,2014B,-17,
1300,AAA,2013B,-16,
1301,FFF,2013B,-2,
1302,CCC,2014B,-30,
1303,EEE,2014B,-3,
1304,GGG,2014J,-22,
1305,EEE,2014B,-29,
1306,EEE,2014B,-14,
1307,BBB,2013B,-24,21.0
1308,BBB,2013B,-8,
1309,CCC,2014B,-7,
1310,FFF,2014B,-18,
1311,DDD,2013B,-6,42.0
1312,CCC,2014J,-25,
1313,FFF,2013B,-20,
1314,FFF,2013B,-29,
1315,GGG,2014B,-11,14.0
1316,CCC,2014J,-8,
1317,EEE,2014B,-7,
1318,EEE,2014B,-19,
1319,DDD,2014J,-5,35.0
1320,CCC,2013B,-10,
1321,AAA,2014B,-13,
1322,BBB,2014B,-24,
1323,DDD,2014B,-4,
1324,GGG,2014J,-7,
1325,GGG,2014J,-3,
1326,BBB,2014B,-20,
1327,EEE,2014J,-13,
1328,AAA,2014J,-29,
1329,EEE,2014B,-12,
1330,CCC,2014J,-15,21.0
1331,DDD,2014B,-5,
1332,FFF,2013B,-8,35.0
1333,CCC,2013B,0,
1334,FFF,2013B,-2,49.0
1335,DDD,2013B,-25,70.0
1336,GGG,2013B,0,
1337,EEE,2013B,-30,
1338,CCC,2014B,-16,
1339,FFF,2014B,-2,14.0
1340,CCC,2014B,-12,
1341,DDD,2014B,0,7.0
1342,AAA,2013B,-13,
1343,AAA,2014B,-9,7.0
1344,EEE,2014J,-14,
1345,BBB,2013B,-2,14.0
1346,GGG,2013B,-27,
1347,FFF,2014B,-18,
1348,EEE,2014J,-10,
1349,FFF,2014B,-15,
1350,EEE,2014J,-1,
1351,AAA,2013B,-12,
1352,CCC,2013B,-27,
1353,DDD,2014B,-11,
1354,GGG,2013B,-21,21.0
1355,BBB,2013B,-16,
1356,DDD,2013B,-28,
1357,CCC,2013B,-4,
1358,AAA,2014J,-18,
1359,AAA,2014J,-6,7.0
1360,CCC,2014B,-16,
1361,AAA,2014J,-1,
1362,AAA,2014J,-19,
1363,CCC,2013B,-27,70.0
1364,BBB,2014B,-16,
1365,DDD,2014J,-29,
1366,AAA,2014B,-6,
1367,CCC,2014B,-2,
1368,DDD,2014J,-24,
1369,GGG,2014B,-29,
1370,EEE,2014B,-7,
1371,GGG,2014J,-9,
1372,CCC,2014J,-6,
1373,DDD,2014B,-13,
1374,CCC,2014B,-12,
1375,GGG,2013B,-22,
1376,GGG,2013B,-21,
1377,GGG,2014J,-11,70.0
1378,FFF,2013B,-1,
1379,DDD,2014J,-21,
1380,DDD,2013B,-19,49.0
1381,GGG,2014B,-12,
1382,BBB,2014J,-29,
1383,CCC,2014J,-10,21.0
1384,GGG,2014B,-26,
1385,CCC,2014J,-9,
1386,BBB,2014B,-3,
1387,DDD,2014J,-2,
1388,CCC,2013B,-26,
1389,GGG,2013B,-12,
1390,GGG,2014B,-17,49.0
1391,CCC,2014J,-15,35.0
1392,DDD,2014J,-9,42.0
1393,GGG,2014B,0,
1394,FFF,2014B,-13,
1395,BBB,2014B,-13,
1396,EEE,2014J,-10,
1397,EEE,2013B,-15,
1398,EEE,2013B,-20,
1399,AAA,2014B,-5,7.0
1400,CCC,2013B,-10,
1401,FFF,2013B,-13,77.0
1402,BBB,2014B,-30,21.0
1403,CCC,2013B,-22,
1404,CCC,2013B,-22,
1405,BBB,2014B,-10,
1406,BBB,2014J,-27,
1407,CCC,2014B,-19,
1408,GGG,2014J,-16,
1409,AAA,2013B,-8,14.0
1410,BBB,2013B,-26,21.0
1411,AAA,2013B,-12,
1412,DDD,2014J,-14,14.0
1413,BBB,2013B,-8,
1414,FFF,2013B,-25,168.0
1415,EEE,2013B,-12,
1416,FFF,2014J,-18,
1417,EEE,2014B,-22,
1418,DDD,2014B,-28,42.0
1419,GGG,2013B,-19,
1420,DDD,2014J,-17,
1421,GGG,2013B,-29,
1422,GGG,2013B,-5,
1423,EEE,2014J,-9,
1424,EEE,2014J,-21,
1425,BBB,2014B,-29,84.0
1426,FFF,2014J,-9,
1427,EEE,2014B,-30,
1428,GGG,2014B,-17,
1429,BBB,2014B,-24,
1430,FFF,2014B,-23,
1431,DDD,2014J,-7,
1432,BBB,2014B,-21,
1433,BBB,2013B,-23,98.0
1434,DDD,2014B,-21,
1435,CCC,2014B,-26,
1436,AAA,2014B,-7,
1437,CCC,2014B,-15,
1438,EEE,2014B,-24,
1439,CCC,2014J,-21,
1440,GGG,2014J,0,
1441,FFF,2014J,-13,
1442,DDD,2014B,-9,35.0
1443,GGG,2013B,-4,63.0
1444,DDD,2013B,-18,
1445,AAA,2014J,-20,
1446,AAA,2014J,0,
1447,GGG,2013B,-13,
1448,GGG,2013B,-24,
1449,FFF,2014J,-4,
1450,AAA,2013B,-7,84.0
1451,CCC,2013B,-18,
1452,AAA,2014J,-22,14.0
1453,AAA,2013B,-10,
1454,BBB,2013B,-14,
1455,EEE,2014J,-23,
1456,AAA,2013B,-29,14.0
1457,GGG,2014J,-5,
1458,DDD,2014B,-4,
1459,BBB,2014B,-2,21.0
1460,DDD,2014J,-19,
1461,FFF,2013B,-9,42.0
1462,CCC,2013B,-12,56.0
1463,AAA,2013B,-22,
1464,AAA,2014B,-2,
1465,FFF,2014J,-20,21.0
1466,AAA,2013B,-30,70.0
1467,EEE,2014B,-25,
1468,CCC,2014B,0,
1469,FFF,2013B,-28,
1470,AAA,2014B,-14,
1471,GGG,2013B,-15,42.0
1472,EEE,2013B,-6,21.0
1473,DDD,2014B,-5,
1474,BBB,2014J,-16,49.0
1475,GGG,2014B,-11,
1476,CCC,2014B,-5,
1477,DDD,2014J,-5,
1478,CCC,2014J,-3,
1479,BBB,2014J,-9,
1480,CCC,2014J,-19,
1481,BBB,2014J,-13,
1482,AAA,2014J,-8,
1483,CCC,2014J,-21,
1484,AAA,2014J,0,
1485,CCC,2014B,-17,70.0
1486,GGG,2013B,-7,
1487,BBB,2014B,-15,
1488,AAA,2014J,-1,
1489,AAA,2014J,-10,
1490,DDD,2014B,-8,
1491,BBB,2013B,-6,
1492,DDD,2013B,-20,
1493,AAA,2014B,-20,
1494,CCC,2014B,-5,
1495,CCC,2014B,-16,
1496,DDD,2013B,-10,
1497,DDD,2013B,-14,
1498,FFF,2014B,-29,21.0
1499,DDD,2014B,-16,
1500,FFF,2014J,-25,
1501,DDD,2013B,-28,
1502,BBB,2014B,-22,21.0
1503,BBB,2014J,-21,
1504,CCC,2013B,-7,49.0
1505,EEE,2013B,-23,
1506,BBB,2013B,-6,
1507,GGG,2014B,-24,
1508,DDD,2014J,-5,
1509,GGG,2014B,-14,
1510,EEE,2014B,-28,
1511,CCC,2014J,-27,
1512,BBB,2014B,-28,28.0
1513,FFF,2014B,-18,14.0
1514,CCC,2014J,-21,
1515,BBB,2013B,-29,
1516,GGG,2014J,-9,
1517,DDD,2013B,-4,
1518,AAA,2014B,-4,70.0
1519,DDD,2013B,-26,
1520,DDD,2014B,-4,14.0
1521,GGG,2014B,-17,14.0
1522,EEE,2013B,-24,
1523,BBB,2014J,-26,
1524,BBB,2014J,-7,77.0
1525,EEE,2013B,-23,42.0
1526,AAA,2014B,-11,
1527,CCC,2014J,-13,
1528,AAA,2014J,-2,
1529,AAA,2013B,-8,
1530,GGG,2013B,-7,
1531,AAA,2014B,-15,28.0
1532,AAA,2014B,-14,
1533,GGG,2013B,-26,21.0
1534,BBB,2014B,-6,
1535,FFF,2014B,-7,
1536,AAA,2014B,-21,14.0
1537,BBB,2014B,-26,
1538,AAA,2014J,-6,
1539,EEE,2014J,-7,
1540,EEE,2014J,-6,
1541,DDD,2013B,-30,
1542,BBB,2014B,-4,7.0
1543,AAA,2013B,-19,
1544,DDD,2014J,-23,
1545,BBB,2014B,-14,84.0
1546,EEE,2013B,-4,
1547,EEE,2014J,-5,7.0
1548,FFF,2014B,-25,
1549,DDD,2013B,0,7.0
1550,AAA,2013B,-7,
1551,BBB,2014J,-2,
1552,FFF,2013B,-2,
1553,DDD,2014B,-14,
1554,EEE,2014J,-29,
1555,DDD,2013B,-28,
1556,BBB,2013B,-11,
1557,GGG,2013B,-28,
1558,FFF,2014J,-10,56.0
1559,GGG,2014B,-27,
1560,FFF,2013B,-5,
1561,CCC,2013B,-22,84.0
1562,BBB,2014J,-27,
1563,BBB,2013B,-20,49.0
1564,GGG,2013B,-2,14.0
1565,DDD,2014B,-13,14.0
1566,DDD,2014B,0,
1567,GGG,2014B,-22,105.0
1568,EEE,2014J,-10,
1569,GGG,2013B,-25,49.0
1570,GGG,2014B,-17,
1571,AAA,2013B,-19,70.0
1572,CCC,2014B,-11,28.0
1573,FFF,2013B,-10,
1574,FFF,2014J,-29,
1575,BBB,2014J,-9,
1576,CCC,2014J,-7,56.0
1577,DDD,2013B,-19,
1578,FFF,2013B,-28,119.0
1579,AAA,2014J,-17,
1580,EEE,2014B,-20,21.0
1581,CCC,2013B,-6,21.0
1582,BBB,2014B,-26,
1583,DDD,2014J,-21,7.0
1584,CCC,2014J,-8,
1585,EEE,2013B,-1,
1586,CCC,2013B,-12,
1587,FFF,2014J,-30,
1588,AAA,2014B,-9,56.0
1589,GGG,2014J,-30,14.0
1590,AAA,2014J,-28,14.0
1591,FFF,2014B,-10,42.0
1592,CCC,2014B,-19,
1593,CCC,2014B,-30,
1594,AAA,2014B,-18,
1595,EEE,2013B,-19,
1596,BBB,2014J,-12,
1597,EEE,2014B,-1,56.0
1598,FFF,2013B,-27,21.0
1599,FFF,2014B,-10,
1600,EEE,2014B,-10,
1601,CCC,2014J,0,
1602,FFF,2014J,-18,
1603,FFF,2014B,-25,
1604,CCC,2014J,-2,98.0
1605,AAA,2013B,-29,
1606,GGG,2014J,-17,
1607,BBB,2014B,-10,
1608,EEE,2014B,-27,
1609,BBB,2014B,-21,
1610,AAA,2013B,-27,14.0
1611,FFF,2014J,-4,35.0
1612,BBB,2014B,-23,
1613,EEE,2014J,-12,
1614,EEE,2013B,-23,
1615,AAA,2013B,-9,42.0
1616,BBB,2014J,-6,
1617,FFF,2014J,-29,
1618,DDD,2013B,-8,
1619,AAA,2013B,-10,42.0
1620,GGG,2014B,-28,
1621,BBB,2013B,-22,
1622,AAA,2014B,-4,42.0
1623,GGG,2013B,-17,
1624,AAA,2013B,-28,
1625,DDD,2013B,-11,
1626,GGG,2013B,-6,
1627,EEE,2013B,-17,
1628,EEE,2014B,-27,
1629,CCC,2013B,-26,42.0
1630,AAA,2013B,-19,
1631,EEE,2013B,-15,
1632,GGG,2014J,-7,
1633,AAA,2013B,-9,
1634,GGG,2014J,-23,
1635,CCC,2013B,-9,
1636,DDD,2013B,-27,
1637,BBB,2014B,-25,
1638,EEE,2014J,-6,
1639,BBB,2013B,-3,
1640,BBB,2013B,-9,
1641,FFF,2014J,-16,
1642,AAA,2013B,-3,
1643,DDD,2013B,-20,
1644,EEE,2013B,-11,63.0
1645,AAA,2014J,-9,63.0
1646,CCC,2014J,-28,
1647,CCC,2014J,-1,
1648,EEE,2014B,-11,
1649,GGG,2013B,-23,
1650,FFF,2013B,-5,
1651,BBB,2014J,-19,
1652,AAA,2014J,-28,
1653,AAA,2013B,-10,
1654,EEE,2014J,-26,
1655,BBB,2014J,-12,
1656,BBB,2014J,-9,
1657,FFF,2014J,-26,
1658,GGG,2014B,-6,112.0
1659,FFF,2013B,-16,
1660,BBB,2014J,-20,
1661,EEE,2013B,-27,
1662,EEE,2014B,-8,91.0
1663,BBB,2014J,-25,
1664,DDD,2013B,-25,
1665,DDD,2014J,-22,28.0
1666,CCC,2014J,-17,
1667,FFF,2014B,-3,
1668,EEE,2013B,-7,
1669,DDD,2013B,-8,
1670,FFF,2014J,-24,
1671,FFF,2013B,-10,
1672,DDD,2014J,-20,
1673,BBB,2013B,-16,
1674,FFF,2014B,-11,49.0
1675,FFF,2014B,-25,
1676,GGG,2013B,-20,
1677,BBB,2014J,-18,
1678,CCC,2014J,-3,
1679,GGG,2013B,-1,
1680,DDD,2014J,-1,
1681,GGG,2014J,-14,
1682,AAA,2014J,-11,
1683,AAA,2014B,-8,
1684,FFF,2014B,-6,
1685,CCC,2014B,-10,
1686,DDD,2013B,-2,
1687,CCC,2013B,-19,
1688,CCC,2013B,-9,21.0
1689,GGG,2013B,-12,
1690,AAA,2014J,-7,42.0
1691,FFF,2014B,-2,7.0
1692,GGG,2014B,-28,21.0
1693,EEE,2014J,-4,
1694,CCC,2014J,-5,84.0
1695,BBB,2014J,-4,49.0
1696,EEE,2013B,-22,
1697,DDD,2013B,-13,7.0
1698,BBB,2013B,-28,35.0
1699,CCC,2013B,-29,
1700,GGG,2014B,-12,
1701,BBB,2014J,0,
1702,BBB,2014B,-23,
1703,EEE,2014J,-6,
1704,BBB,2014B,-28,
1705,GGG,2014J,-28,21.0
1706,GGG,2013B,-12,
1707,GGG,2013B,-22,
1708,GGG,2014J,-27,
1709,BBB,2014B,-2,63.0
1710,BBB,2014B,-3,
1711,CCC,2014J,-30,
1712,DDD,2014J,0,7.0
1713,GGG,2013B,-30,
1714,FFF,2014B,-8,
1715,EEE,2014B,-6,42.0
1716,GGG,2014B,-22,
1717,EEE,2014J,-26,49.0
1718,CCC,2014J,-13,35.0
1719,CCC,2013B,-3,14.0
1720,DDD,2014B,-30,63.0
1721,AAA,2014B,-4,
1722,FFF,2014B,-11,
1723,EEE,2013B,0,63.0
1724,FFF,2014B,-22,
1725,DDD,2014J,-11,
1726,FFF,2013B,-16,
1727,GGG,2014B,-11,21.0
1728,DDD,2014J,-25,
1729,DDD,2014B,-15,
1730,AAA,2014B,0,
1731,FFF,2013B,-4,
1732,GGG,2013B,-24,
1733,EEE,2014B,-29,14.0
1734,GGG,2014J,-18,
1735,GGG,2013B,-23,
1736,FFF,2013B,-23,
1737,DDD,2014J,-25,
1738,AAA,2014J,-14,
1739,AAA,2013B,-28,
1740,BBB,2014B,-2,
1741,DDD,2014B,-30,
1742,FFF,2013B,-25,
1743,DDD,2013B,-13,
1744,AAA,2013B,-26,
1745,BBB,2014B,-15,
1746,GGG,2013B,-28,42.0
1747,GGG,2014B,-4,
1748,CCC,2013B,-12,
1749,FFF,2013B,-21,
1750,FFF,2013B,-12,
1751,GGG,2014B,-14,
1752,GGG,2013B,-5,
1753,EEE,2013B,-8,
1754,CCC,2013B,-5,
1755,EEE,2014J,-4,
1756,CCC,2014B,-27,
1757,CCC,2014J,-7,
1758,EEE,2013B,-2,
1759,DDD,2014B,-24,21.0
1760,EEE,2013B,-5,
1761,CCC,2013B,-12,
1762,CCC,2013B,-10,21.0
1763,AAA,2013B,-8,
1764,EEE,2013B,-20,
1765,EEE,2013B,-3,
1766,GGG,2013B,-7,28.0
1767,DDD,2014J,-17,28.0
1768,DDD,2013B,-11,
1769,AAA,2014B,-1,70.0
1770,BBB,2014B,-20,
1771,CCC,2014B,-3,
1772,CCC,2014J,-30,
1773,CCC,2014B,-6,98.0
1774,CCC,2013B,-12,
1775,FFF,2013B,-8,
1776,AAA,2013B,-13,
1777,CCC,2014J,-16,49.0
1778,BBB,2014B,-26,
1779,CCC,2013B,-23,
1780,EEE,2014B,-2,7.0
1781,AAA,2014B,-18,21.0
1782,CCC,2013B,-26,
1783,AAA,2014J,-27,
1784,GGG,2014J,-22,
1785,FFF,2014B,-8,
1786,BBB,2014J,-19,
1787,BBB,2013B,-17,
1788,AAA,2014J,-9,
1789,DDD,2014B,-12,
1790,FFF,2014J,-28,
1791,EEE,2014J,-18,
1792,GGG,2014B,-9,
1793,CCC,2013B,-9,
1794,BBB,2014J,-18,
1795,DDD,2014B,-24,
1796,BBB,2014B,-25,
1797,GGG,2014J,-28,
1798,BBB,2014J,-27,14.0
1799,DDD,2013B,0,
1800,DDD,2014B,-18,42.0
1801,AAA,2014J,-21,35.0
1802,DDD,2013B,-17,
1803,DDD,2014B,-14,
1804,BBB,2013B,-26,
1805,AAA,2013B,-2,
1806,AAA,2014B,-16,
1807,AAA,2014J,-13,119.0
1808,DDD,2014B,-15,
1809,AAA,2013B,-1,28.0
1810,GGG,2014J,0,
1811,BBB,2013B,-27,
1812,EEE,2013B,-8,7.0
1813,EEE,2014B,-25,35.0
1814,DDD,2014J,-30,
1815,GGG,2013B,-13,
1816,AAA,2013B,-16,21.0
1817,BBB,2014J,-15,14.0
1818,BBB,2014B,-30,
1819,AAA,2014J,-11,
1820,CCC,2014B,-15,
1821,CCC,2013B,-29,
1822,FFF,2013B,-20,
1823,CCC,2014B,-26,
1824,GGG,2014B,-2,
1825,FFF,2014J,-7,
1826,GGG,2013B,-15,21.0
1827,AAA,2013B,-28,
1828,GGG,2013B,-4,
1829,EEE,2014B,-19,
1830,GGG,2014J,-12,
1831,CCC,2014J,-8,
1832,GGG,2013B,-18,14.0
1833,EEE,2014B,0,
1834,AAA,2014J,-23,
1835,CCC,2013B,-20,
1836,AAA,2014J,-25,14.0
1837,GGG,2013B,-20,
1838,CCC,2013B,-6,
1839,BBB,2013B,-16,28.0
1840,DDD,2014J,-3,
1841,CCC,2014J,-3,
1842,AAA,2014J,-20,63.0
1843,FFF,2014J,-6,
1844,FFF,2014J,-15,77.0
1845,FFF,2014B,-17,
1846,EEE,2014J,-22,
1847,CCC,2013B,-28,
1848,DDD,2014B,-16,
1849,DDD,2014J,-10,
1850,BBB,2014J,-4,14.0
1851,AAA,2014B,-18,
1852,BBB,2013B,-26,
1853,DDD,2014J,-16,
1854,BBB,2013B,-21,
1855,AAA,2014J,-2,
1856,FFF,2014J,-9,
1857,CCC,2014J,-2,
1858,EEE,2013B,-21,
1859,DDD,2013B,-17,28.0
1860,FFF,2014B,-28,
1861,FFF,2014B,-26,70.0
1862,CCC,2014B,-19,
1863,FFF,2013B,-18,119.0
1864,CCC,2014B,-10,
1865,FFF,2014J,-24,
1866,CCC,2014J,0,
1867,AAA,2014B,-6,
1868,FFF,2013B,-3,
1869,AAA,2013B,-21,
1870,FFF,2013B,-13,
1871,AAA,2013B,-14,
1872,BBB,2014J,-6,
1873,EEE,2014B,-4,
1874,GGG,2014J,-13,70.0
1875,CCC,2013B,0,
1876,AAA,2014J,-15,
1877,BBB,2013B,-22,
1878,GGG,2013B,-25,
1879,FFF,2014J,-19,
1880,AAA,2014J,-21,
1881,CCC,2014B,-24,28.0
1882,BBB,2014B,-16,
1883,BBB,2014J,-22,77.0
1884,FFF,2014J,0,
1885,EEE,2013B,-21,
1886,BBB,2013B,-12,
1887,EEE,2013B,-7,
1888,CCC,2014B,-1,
1889,AAA,2013B,-9,
1890,DDD,2014B,-22,
1891,BBB,2013B,-13,49.0
1892,BBB,2014B,-28,
1893,GGG,2014J,-22,
1894,EEE,2013B,0,7.0
1895,AAA,2013B,-30,
1896,FFF,2014B,-20,
1897,EEE,2013B,-29,
1898,GGG,2014B,-14,
1899,FFF,2014J,-7,
1900,CCC,2014B,-28,
1901,DDD,2013B,-27,
1902,DDD,2014B,-4,
1903,FFF,2014J,-22,
1904,BBB,2013B,-30,7.0
1905,CCC,2014J,-27,
1906,BBB,2014J,-2,
1907,CCC,2013B,-2,91.0
1908,BBB,2014B,-25,
1909,AAA,2013B,-22,91.0
1910,GGG,2014B,-25,
1911,AAA,2014J,-15,
1912,GGG,2014J,-5,28.0
1913,AAA,2013B,-7,42.0
1914,FFF,2014B,-19,21.0
1915,CCC,2013B,-9,49.0
1916,DDD,2013B,-23,28.0
1917,BBB,2014J,-2,21.0
1918,DDD,2014B,-12,
1919,DDD,2014B,-2,
1920,DDD,2014J,-23,
1921,CCC,2014J,-1,
1922,DDD,2013B,-22,28.0
1923,FFF,2013B,-9,
1924,DDD,2014B,-29,
1925,CCC,2014J,-23,
1926,AAA,2013B,-14,28.0
1927,CCC,2014B,-15,
1928,AAA,2014J,-26,
1929,BBB,2014J,-30,
1930,GGG,2014B,-5,
1931,AAA,2014J,-23,
1932,DDD,2014J,-7,98.0
1933,FFF,2014J,-25,77.0
1934,GGG,2014J,-22,14.0
1935,BBB,2014J,-30,
1936,BBB,2013B,-14,
1937,CCC,2013B,-14,
1938,DDD,2014B,-13,
1939,GGG,2014J,-7,
1940,BBB,2014J,-10,
1941,BBB,2014J,-24,
1942,BBB,2013B,-18,
1943,GGG,2014J,-28,
1944,AAA,2013B,-10,
1945,CCC,2013B,-18,
1946,AAA,2014J,-25,14.0
1947,BBB,2014J,-3,14.0
1948,GGG,2014B,-16,
1949,AAA,2013B,-29,7.0
1950,CCC,2013B,-28,
1951,GGG,2014J,-21,
1952,EEE,2013B,-1,
1953,AAA,2014B,-27,
1954,DDD,2013B,-18,35.0
1955,GGG,2013B,-18,
1956,CCC,2014J,-11,
1957,DDD,2014J,-12,
1958,DDD,2014B,-15,
1959,EEE,2014B,-5,
1960,BBB,2014B,-30,
1961,FFF,2014B,-18,
1962,GGG,2014J,-29,
1963,AAA,2014J,-21,
1964,FFF,2013B,-22,
1965,FFF,2013B,-3,28.0
1966,FFF,2014J,-10,
1967,CCC,2014B,-23,
1968,DDD,2014B,-11,
1969,FFF,2014J,-5,
1970,BBB,2014B,-25,
1971,FFF,2014B,-13,
1972,GGG,2014B,-15,
1973,EEE,2013B,-2,
1974,CCC,2014J,-19,
1975,DDD,2014J,-9,
1976,AAA,2014J,-13,7.0
1977,GGG,2014B,-20,168.0
1978,CCC,2013B,-20,
1979,AAA,2014B,-4,
1980,FFF,2013B,-3,
1981,EEE,2014J,-22,
1982,EEE,2014B,-16,
1983,AAA,2013B,-26,
1984,FFF,2014B,-17,56.0
1985,EEE,2014J,-4,
1986,FFF,2013B,-9,14.0
1987,FFF,2014B,-15,49.0
1988,BBB,2014J,-6,
1989,BBB,2014J,-13,
1990,GGG,2014J,-17,
1991,DDD,2014B,-30,
1992,DDD,2014B,-27,
1993,CCC,2014B,-14,
1994,EEE,2014B,-28,21.0
1995,FFF,2013B,-30,
1996,AAA,2013B,-20,
1997,DDD,2014J,-13,
1998,GGG,2014B,-8,42.0
1999,BBB,2014B,-1,
2000,BBB,2014B,-10,
2001,GGG,2014B,0,28.0
2002,AAA,2014J,-22,
2003,CCC,2014B,-10,
2004,DDD,2014B,-30,7.0
2005,FFF,2014B,-26,
2006,AAA,2013B,-11,
2007,DDD,2013B,-21,
2008,BBB,2013B,-13,
2009,FFF,2013B,-1,28.0
2010,EEE,2013B,-7,
2011,DDD,2013B,-20,105.0
2012,CCC,2014J,-9,
2013,BBB,2014B,-2,
2014,GGG,2014J,-23,
2015,EEE,2014B,-13,
2016,CCC,2014J,-8,
2017,CCC,2014J,-10,56.0
2018,FFF,2014J,-15,
2019,FFF,2013B,-17,
2020,DDD,2013B,-13,
2021,CCC,2013B,-15,
2022,EEE,2014J,-19,
2023,EEE,2014B,-3,
2024,EEE,2014J,-6,42.0
2025,AAA,2014J,-11,70.0
2026,DDD,2013B,-24,
2027,EEE,2014B,-15,
2028,GGG,2014B,-24,
2029,DDD,2013B,-25,70.0
2030,CCC,2014B,-23,77.0
2031,DDD,2013B,-26,7.0
2032,BBB,2014J,-6,
2033,AAA,2013B,-15,
2034,EEE,2013B,-8,
2035,GGG,2013B,0,
2036,FFF,2014J,-22,
2037,EEE,2014J,-24,7.0
2038,AAA,2014J,-26,63.0
2039,GGG,2014J,-30,
2040,DDD,2014J,-30,
2041,CCC,2014B,-12,
2042,GGG,2013B,-9,
2043,FFF,2014B,-21,
2044,FFF,2013B,-14,168.0
2045,BBB,2013B,-24,35.0
2046,GGG,2014J,-9,
2047,DDD,2013B,-8,105.0
2048,DDD,2013B,-9,
2049,FFF,2014B,-15,
2050,EEE,2013B,-4,
2051,BBB,2014J,-28,
2052,CCC,2014J,-18,42.0
2053,CCC,2014B,-29,
2054,GGG,2013B,-5,
2055,FFF,2014J,-28,
2056,CCC,2014B,-17,
2057,FFF,2013B,-25,
2058,FFF,2014J,-9,
2059,CCC,2014J,-18,
2060,CCC,2014B,-13,
2061,GGG,2014B,-1,
2062,DDD,2014J,-2,
2063,BBB,2013B,-17,7.0
2064,FFF,2014B,-19,
2065,EEE,2014B,-21,
2066,DDD,2014B,-9,91.0
2067,FFF,2013B,0,
2068,GGG,2013B,-12,
2069,CCC,2013B,-13,
2070,CCC,2014B,0,
2071,BBB,2014J,-25,
2072,EEE,2014B,-28,
2073,CCC,2013B,-28,
2074,CCC,2014J,-12,
2075,EEE,2014B,-3,
2076,CCC,2014J,-23,
2077,DDD,2013B,-8,
2078,DDD,2013B,-3,
2079,BBB,2014J,-2,
2080,AAA,2013B,-6,70.0
2081,FFF,2013B,-19,
2082,AAA,2014B,-10,35.0
2083,CCC,2013B,-13,
2084,EEE,2014B,-16,
2085,AAA,2014B,-9,
2086,EEE,2013B,-9,
2087,FFF,2014B,-5,
2088,EEE,2013B,-13,
2089,CCC,2013B,-10,
2090,AAA,2013B,-22,
2091,GGG,2013B,-16,
2092,CCC,2014B,-5,56.0
2093,FFF,2014B,-7,
2094,BBB,2013B,-15,21.0
2095,BBB,2014B,-13,
2096,FFF,2014J,-23,
2097,GGG,2013B,-19,42.0
2098,GGG,2013B,-10,
2099,FFF,2014J,-27,
2100,BBB,2014B,-30,
2101,GGG,2013B,-12,
2102,EEE,2014B,-8,
2103,BBB,2014B,0,
2104,AAA,2013B,-16,21.0
2105,GGG,2013B,-27,35.0
2106,BBB,2014J,-11,42.0
2107,FFF,2014J,-21,
2108,AAA,2014J,-26,
2109,BBB,2013B,-11,
2110,BBB,2014J,-8,
2111,BBB,2014B,-29,
2112,EEE,2014B,-8,
2113,GGG,2014J,-13,
2114,GGG,2014B,-8,
2115,FFF,2013B,-11,
2116,BBB,2013B,-16,
2117,GGG,2014J,-20,
2118,DDD,2014B,-11,
2119,DDD,2014B,-24,
2120,EEE,2014B,-13,
2121,FFF,2013B,-7,7.0
2122,GGG,2014B,-23,
2123,EEE,2014J,-28,
2124,EEE,2013B,-30,
2125,FFF,2014J,-13,7.0
2126,BBB,2013B,-18,
2127,CCC,2013B,-10,7.0
2128,EEE,2013B,-5,
2129,AAA,2014B,0,35.0
2130,CCC,2013B,-21,21.0
2131,FFF,2014B,-27,28.0
2132,GGG,2014B,-7,
2133,DDD,2014B,-30,28.0
2134,CCC,2014J,-11,7.0
2135,DDD,2014B,-22,
2136,EEE,2013B,-20,
2137,DDD,2014J,-27,
2138,AAA,2013B,-30,
2139,DDD,2014J,-24,
2140,CCC,2013B,-17,
2141,EEE,2014J,-21,
2142,GGG,2013B,-18,
2143,GGG,2014B,-27,
2144,EEE,2014J,-26,
2145,CCC,2014B,-7,
2146,DDD,2013B,-5,
2147,BBB,2013B,-8,
2148,GGG,2014J,-1,
2149,FFF,2014B,-8,
2150,FFF,2014J,-27,
2151,CCC,2013B,-8,63.0
2152,CCC,2014B,-23,
2153,FFF,2014B,-6,49.0
2154,DDD,2014J,-11,49.0
2155,EEE,2014J,-4,
2156,DDD,2014B,-1,7.0
2157,DDD,2013B,-9,
2158,EEE,2014J,-2,
2159,FFF,2013B,-14,
2160,CCC,2013B,-2,
2161,FFF,2014J,-28,
2162,BBB,2014J,-17,
2163,CCC,2014J,-7,
2164,GGG,2013B,0,
2165,GGG,2014J,-4,
2166,GGG,2014B,-19,
2167,CCC,2013B,-11,
2168,FFF,2014J,-28,42.0
2169,GGG,2014J,-27,28.0
2170,GGG,2014B,-9,
2171,AAA,2013B,-21,
2172,FFF,2013B,-13,
2173,GGG,2014B,-24,
2174,FFF,2013B,-6,
2175,BBB,2013B,-28,56.0
2176,FFF,2013B,-11,
2177,AAA,2014J,-10,7.0
2178,DDD,2014B,-5,
2179,EEE,2014B,-23,56.0
2180,DDD,2014B,-20,
2181,EEE,2013B,-13,
2182,BBB,2014B,-22,
2183,EEE,2014J,-8,
2184,EEE,2014J,-7,
2185,EEE,2013B,-7,
2186,CCC,2013B,-15,
2187,CCC,2014J,-11,
2188,BBB,2014J,-25,
2189,DDD,2014J,-24,105.0
2190,EEE,2014B,-19,
2191,CCC,2014B,-24,
2192,CCC,2014J,-6,
2193,CCC,2014J,-23,70.0
2194,BBB,2014J,-2,84.0
2195,EEE,2013B,-18,
2196,FFF,2014J,-7,
2197,CCC,2013B,-28,7.0
2198,GGG,2013B,-8,
2199,DDD,2014B,-16,35.0
2200,BBB,2014B,-5,
2201,CCC,2014B,-25,
2202,AAA,2014J,-24,14.0
2203,AAA,2014J,-4,
2204,CCC,2014J,-13,
2205,DDD,2013B,-13,
2206,FFF,2013B,-12,
2207,AAA,2013B,-19,
2208,FFF,2014B,-1,35.0
2209,BBB,2014J,-13,
2210,AAA,2014J,-30,49.0
2211,EEE,2013B,-22,
2212,FFF,2013B,0,
2213,EEE,2014B,-15,
2214,AAA,2014B,-8,
2215,AAA,2013B,-30,
2216,CCC,2014J,-30,
2217,DDD,2013B,-24,
2218,GGG,2014B,-14,
2219,CCC,2014J,-12,56.0
2220,BBB,2013B,-28,
2221,GGG,2014J,-2,
2222,BBB,2014B,-12,
2223,AAA,2014J,-20,
2224,CCC,2014B,-17,
2225,CCC,2014J,-15,
2226,EEE,2014B,-7,
2227,GGG,2013B,-28,
2228,GGG,2014J,-13,
2229,CCC,2014J,-14,
2230,GGG,2014B,-6,
2231,EEE,2014J,-19,
2232,AAA,2014J,-19,
2233,GGG,2014B,-5,
2234,AAA,2014J,-4,168.0
2235,EEE,2014B,-5,
2236,FFF,2014J,-4,98.0
2237,BBB,2014B,-27,
2238,BBB,2014B,-10,14.0
2239,DDD,2013B,-9,84.0
2240,GGG,2013B,-22,
2241,BBB,2014B,-16,
2242,EEE,2014J,0,77.0
2243,DDD,2013B,-26,
2244,AAA,2013B,-5,49.0
2245,EEE,2013B,-21,
2246,FFF,2014B,-4,
2247,EEE,2014B,-14,
2248,BBB,2013B,-30,14.0
2249,BBB,2014J,-27,
2250,CCC,2014B,-5,14.0
2251,DDD,2013B,-6,
2252,DDD,2014J,-24,
2253,BBB,2014J,-11,
2254,DDD,2014B,-15,
2255,CCC,2014J,-29,
2256,EEE,2014B,-9,
2257,FFF,2013B,-26,
2258,EEE,2013B,-18,
2259,AAA,2013B,-30,
2260,GGG,2013B,-23,
2261,AAA,2014B,-1,
2262,GGG,2014B,-15,
2263,AAA,2014B,-8,
2264,DDD,2014J,-21,28.0
2265,AAA,2013B,-29,7.0
2266,AAA,2014J,-11,
2267,EEE,2013B,-23,14.0
2268,FFF,2014J,-27,
2269,AAA,2013B,-15,
2270,GGG,2013B,-18,7.0
2271,CCC,2013B,-27,35.0
2272,CCC,2013B,-12,
2273,CCC,2014J,-17,
2274,DDD,2014B,0,
2275,BBB,2013B,-28,
2276,CCC,2014B,-15,
2277,BBB,2014B,-6,42.0
2278,AAA,2014J,-17,
2279,CCC,2014J,-24,
2280,EEE,2014J,0,
2281,FFF,2013B,-20,
2282,CCC,2014B,-2,7.0
2283,CCC,2014B,-4,
2284,FFF,2014B,-10,
2285,EEE,2014J,-7,
2286,FFF,2014J,-14,
2287,GGG,2014J,-10,77.0
2288,FFF,2013B,-22,
2289,GGG,2014B,-29,
2290,CCC,2014J,-11,
2291,CCC,2013B,-6,
2292,CCC,2014J,-5,
2293,BBB,2013B,-7,
2294,FFF,2013B,0,
2295,FFF,2013B,-12,7.0
2296,FFF,2014J,-25,
2297,BBB,2014J,-24,21.0
2298,DDD,2014J,-22,
2299,BBB,2013B,0,
2300,GGG,2014J,-3,
2301,BBB,2013B,-8,
2302,BBB,2013B,-4,28.0
2303,DDD,2013B,-20,
2304,GGG,2013B,-8,35.0
2305,GGG,2014B,-25,
2306,AAA,2014J,-27,21.0
2307,CCC,2013B,-11,
2308,BBB,2013B,-9,49.0
2309,CCC,2014B,-12,
2310,DDD,2013B,-16,
2311,BBB,2014J,-12,21.0
2312,AAA,2014B,-19,
2313,DDD,2014B,-21,
2314,AAA,2013B,-23,
2315,BBB,2014J,-19,
2316,AAA,2014J,-21,
2317,AAA,2014J,-26,
2318,DDD,2014B,-14,
2319,FFF,2013B,-18,
2320,FFF,2013B,-25,
2321,AAA,2013B,-2,
2322,AAA,2014B,-15,
2323,CCC,2013B,-26,
2324,EEE,2013B,-29,14.0
2325,FFF,2013B,-28,
2326,FFF,2013B,-18,
2327,CCC,2013B,-23,
2328,BBB,2014B,-1,28.0
2329,AAA,2014J,-16,
2330,BBB,2014B,-8,
2331,AAA,2013B,-23,
2332,GGG,2014B,-28,
2333,BBB,2013B,-20,
2334,FFF,2014B,-9,
2335,DDD,2013B,-7,
2336,DDD,2014B,-24,
2337,DDD,2014J,-21,
2338,FFF,2014B,-16,7.0
2339,AAA,2014J,-20,
2340,AAA,2014B,-21,105.0
2341,CCC,2014J,0,35.0
2342,CCC,2014J,-2,7.0
2343,DDD,2014B,-19,
2344,FFF,2014B,-29,63.0
2345,EEE,2014B,-19,
2346,BBB,2013B,-3,
2347,CCC,2013B,-3,
2348,FFF,2014J,-9,49.0
2349,BBB,2014B,-10,
2350,DDD,2014J,-19,
2351,DDD,2014B,-17,28.0
2352,FFF,2013B,-3,
2353,FFF,2014B,-24,119.0
2354,DDD,2014B,-18,
2355,CCC,2014B,-3,
2356,CCC,2014J,-9,
2357,CCC,2014B,-27,
2358,BBB,2013B,-6,
2359,EEE,2013B,-28,
2360,BBB,2014J,-22,
2361,EEE,2014B,-2,
2362,FFF,2014B,-28,28.0
2363,GGG,2013B,-25,
2364,AAA,2014J,-4,14.0
2365,FFF,2014B,-10,
2366,AAA,2014J,-23,
2367,CCC,2014J,-20,
2368,BBB,2014J,-2,63.0
2369,BBB,2013B,-12,
2370,BBB,2014B,-21,
2371,AAA,2014B,-26,
2372,FFF,2014J,-18,
2373,AAA,2014J,-21,91.0
2374,CCC,2013B,-17,
2375,EEE,2014J,-29,
2376,GGG,2013B,-16,
2377,FFF,2014J,-23,14.0
2378,AAA,2014J,-1,
2379,GGG,2013B,-22,
2380,EEE,2014B,-23,
2381,BBB,2014B,-21,
2382,DDD,2014J,-12,
2383,GGG,2014J,-8,
2384,CCC,2013B,-21,
2385,BBB,2014J,-9,
2386,GGG,2013B,-26,
2387,GGG,2014B,-25,
2388,GGG,2013B,-22,7.0
2389,GGG,2013B,-9,42.0
2390,GGG,2014B,-13,56.0
2391,DDD,2013B,-16,
2392,BBB,2013B,-12,
2393,EEE,2014J,-24,
2394,BBB,2014B,-22,
2395,DDD,2014B,-9,
2396,EEE,2014J,0,
2397,GGG,2013B,-30,
2398,CCC,2014J,-19,14.0
2399,BBB,2013B,-3,
2400,FFF,2014J,-5,105.0
2401,AAA,2013B,-22,
2402,DDD,2013B,-29,
2403,FFF,2013B,-13,14.0
2404,DDD,2014B,-9,
2405,CCC,2014J,-23,
2406,FFF,2014J,-21,
2407,CCC,2014J,-10,
2408,EEE,2013B,-14,
2409,DDD,2014J,-22,
2410,AAA,2014B,-5,
2411,DDD,2013B,-2,
2412,AAA,2014J,-8,
2413,GGG,2014J,-1,
2414,EEE,2013B,-19,63.0
2415,CCC,2014B,-27,
2416,DDD,2014J,-8,77.0
2417,EEE,2014J,-13,
2418,BBB,2013B,-18,14.0
2419,CCC,2014J,-22,
2420,CCC,2013B,-29,
2421,BBB,2014B,-25,28.0
2422,FFF,2013B,-10,
2423,AAA,2014J,-23,
2424,FFF,2014J,-1,
2425,CCC,2013B,-16,
2426,DDD,2014B,-28,
2427,BBB,2013B,-10,
2428,CCC,2014J,-9,
2429,FFF,2013B,-25,
2430,BBB,2014B,-4,
2431,AAA,2013B,-8,
2432,DDD,2014J,-12,
2433,BBB,2013B,-27,7.0
2434,CCC,2014B,-15,
2435,DDD,2013B,0,
2436,DDD,2014B,-23,
2437,EEE,2014J,-1,
2438,EEE,2014J,-24,42.0
2439,FFF,2013B,-12,35.0
2440,AAA,2014J,-18,
2441,CCC,2013B,-28,56.0
2442,AAA,2014J,-11,
2443,AAA,2014J,-16,
2444,BBB,2013B,-21,
2445,EEE,2014B,-23,
2446,GGG,2014J,-15,
2447,FFF,2013B,-27,
2448,EEE,2013B,-12,
2449,FFF,2014B,-28,
2450,BBB,2014J,-24,
2451,FFF,2013B,-15,
2452,GGG,2014B,-8,
2453,AAA,2014J,-18,
2454,DDD,2013B,-11,
2455,FFF,2013B,-2,
2456,DDD,2013B,-12,
2457,FFF,2014B,-7,28.0
2458,GGG,2014B,-16,
2459,DDD,2013B,-22,
2460,AAA,2014B,-19,
2461,CCC,2014J,-20,
2462,BBB,2014J,-13,21.0
2463,DDD,2014J,-26,
2464,EEE,2014J,-7,7.0
2465,DDD,2014B,-26,7.0
2466,BBB,2013B,-9,
2467,CCC,2013B,-16,
2468,EEE,2014B,-8,
2469,AAA,2014B,-25,35.0
2470,BBB,2014J,-24,84.0
2471,GGG,2013B,-23,
2472,AAA,2014J,-6,
2473,CCC,2013B,-22,56.0
2474,BBB,2014B,-20,
2475,AAA,2014B,-26,
2476,CCC,2014J,-23,
2477,DDD,2014J,-4,
2478,BBB,2013B,-27,
2479,AAA,2014J,-2,
2480,AAA,2014J,-5,
2481,EEE,2013B,-1,21.0
2482,GGG,2014J,-11,
2483,BBB,2013B,-9,
2484,CCC,2014B,-4,
2485,CCC,2013B,-9,119.0
2486,CCC,2013B,-13,14.0
2487,BBB,2014B,-17,
2488,AAA,2014J,-4,
2489,DDD,2014B,-21,168.0
2490,CCC,2014B,-13,
2491,CCC,2014B,-29,14.0
2492,BBB,2013B,-10,14.0
2493,GGG,2013B,-26,70.0
2494,EEE,2013B,-29,
2495,CCC,2013B,-21,
2496,BBB,2014J,-10,
2497,FFF,2014B,-5,
2498,GGG,2013B,-12,
2499,AAA,2014B,-10,
2500,GGG,2014B,-23,
2501,EEE,2013B,-27,28.0
2502,AAA,2014J,-27,
2503,FFF,2014J,-28,84.0
2504,AAA,2014J,-20,
2505,AAA,2014J,-7,
2506,AAA,2014B,-29,56.0
2507,DDD,2014J,-20,
2508,EEE,2014B,-12,
2509,CCC,2013B,-29,
2510,AAA,2013B,-14,
2511,BBB,2014J,-18,
2512,FFF,2014B,-2,14.0
2513,GGG,2014J,-15,
2514,FFF,2013B,-14,
2515,AAA,2014B,-4,
2516,FFF,2013B,-8,
2517,EEE,2013B,-14,
2518,DDD,2013B,-10,
2519,BBB,2013B,-18,7.0
2520,GGG,2014B,-9,28.0
2521,DDD,2013B,-21,
2522,AAA,2013B,-21,
2523,BBB,2014J,-5,
2524,CCC,2013B,-18,
2525,AAA,2014B,-14,
2526,CCC,2014J,-27,
2527,DDD,2014J,-20,
2528,GGG,2013B,-10,
2529,AAA,2013B,-14,35.0
2530,EEE,2014J,-21,
2531,GGG,2014B,-30,28.0
2532,FFF,2014B,-13,
2533,GGG,2014B,-20,
2534,BBB,2014B,-2,14.0
2535,FFF,2014B,-29,14.0
2536,GGG,2013B,-9,
2537,CCC,2013B,-19,
2538,DDD,2013B,-22,28.0
2539,DDD,2013B,-8,
2540,DDD,2014J,-15,7.0
2541,CCC,2014J,-28,
2542,GGG,2014B,-12,
2543,GGG,2013B,-25,
2544,CCC,2013B,-4,28.0
2545,FFF,2014J,-23,7.0
2546,CCC,2014B,-6,
2547,FFF,2014J,-20,
2548,EEE,2014B,-21,77.0
2549,DDD,2014J,-30,
2550,AAA,2013B,-2,
2551,EEE,2014J,-13,
2552,CCC,2014B,-26,42.0
2553,BBB,2014B,-29,
2554,BBB,2014B,-22,
2555,GGG,2013B,-15,
2556,AAA,2014B,-29,
2557,FFF,2014J,-19,14.0
2558,GGG,2014J,-21,
2559,AAA,2014J,-3,
2560,EEE,2014B,-18,
2561,EEE,2014J,-27,56.0
2562,CCC,2014J,-23,28.0
2563,EEE,2013B,-5,
2564,CCC,2014B,-30,28.0
2565,DDD,2014J,-26,
2566,DDD,2014B,-30,14.0
2567,FFF,2013B,-29,
2568,EEE,2014B,-2,
2569,CCC,2014B,0,21.0
2570,GGG,2014B,-8,
2571,FFF,2013B,-28,77.0
2572,GGG,2013B,-9,
2573,FFF,2014B,-7,
2574,CCC,2014J,-6,
2575,FFF,2014B,-7,
2576,CCC,2014J,-9,
2577,BBB,2014J,-17,7.0
2578,DDD,2013B,-29,
2579,GGG,2013B,-5,42.0
2580,DDD,2014B,-2,
2581,CCC,2014B,-15,14.0
2582,DDD,2014J,-17,
2583,CCC,2014B,-2,
2584,EEE,2014J,-16,
2585,CCC,2014J,-19,
2586,DDD,2014B,-3,
2587,CCC,2014B,-2,
2588,CCC,2013B,-24,
2589,GGG,2014J,-22,
2590,CCC,2014J,-21,
2591,AAA,2014J,-26,28.0
2592,CCC,2013B,-4,35.0
2593,DDD,2013B,0,
2594,AAA,2014J,-14,
2595,CCC,2014B,-8,
2596,BBB,2014B,-17,
2597,DDD,2014B,0,
2598,FFF,2014B,-1,
2599,GGG,2014B,-7,7.0
2600,CCC,2013B,-3,7.0
2601,GGG,2014J,-26,
2602,BBB,2014B,-3,
2603,FFF,2014B,-17,28.0
2604,DDD,2014B,-24,21.0
2605,FFF,2014J,-2,
2606,FFF,2013B,-4,
2607,DDD,2013B,-26,
2608,BBB,2013B,-10,91.0
2609,DDD,2014J,-3,
2610,FFF,2013B,-9,
2611,GGG,2013B,-16,
2612,GGG,2014J,-29,
2613,BBB,2013B,-15,49.0
2614,EEE,2014B,-13,
2615,AAA,2014B,-4,
2616,EEE,2014B,-24,
2617,GGG,2014B,-24,84.0
2618,AAA,2014B,-2,
2619,EEE,2014B,-5,91.0
2620,GGG,2014J,-13,7.0
2621,FFF,2014B,-17,77.0
2622,CCC,2014B,-11,
2623,AAA,2014J,-26,
2624,GGG,2013B,-23,98.0
2625,GGG,2014J,-14,
2626,EEE,2013B,-17,
2627,GGG,2013B,-25,
2628,AAA,2013B,-14,
2629,EEE,2014B,-10,
2630,AAA,2014J,-5,
2631,GGG,2014B,-11,28.0
2632,EEE,2014B,-12,
2633,GGG,2014B,-13,
2634,DDD,2014J,-27,
2635,AAA,2014J,-19,
2636,AAA,2014J,-17,42.0
2637,CCC,2014B,-14,
2638,FFF,2014J,-21,
2639,BBB,2013B,-7,
2640,FFF,2014J,-14,
2641,BBB,2014J,-21,
2642,DDD,2014B,-16,
2643,BBB,2014B,-8,
2644,DDD,2013B,-30,21.0
2645,DDD,2014B,-20,7.0
2646,AAA,2013B,-24,14.0
2647,DDD,2014B,-21,
2648,FFF,2014B,-10,
2649,GGG,2014B,-24,7.0
2650,CCC,2014J,-14,28.0
2651,GGG,2014J,-19,
2652,GGG,2014B,-29,
2653,GGG,2014B,-3,
2654,CCC,2013B,-12,42.0
2655,FFF,2014B,-21,
2656,DDD,2014J,-15,7.0
2657,AAA,2013B,0,14.0
2658,BBB,2014B,-26,
2659,EEE,2014B,-4,
2660,BBB,2013B,-30,
2661,DDD,2013B,-4,7.0
2662,FFF,2014J,-20,105.0
2663,BBB,2014B,-21,
2664,DDD,2014B,-6,
2665,BBB,2013B,-25,63.0
2666,DDD,2013B,-26,
2667,BBB,2013B,-16,
2668,GGG,2013B,-1,
2669,AAA,2014J,-20,
2670,GGG,2014B,-14,7.0
2671,FFF,2014J,-18,
2672,FFF,2014B,-7,63.0
2673,FFF,2014J,-3,
2674,BBB,2013B,0,
2675,GGG,2014J,-22,
2676,EEE,2014B,-22,
2677,GGG,2013B,-2,
2678,GGG,2014J,-12,
2679,EEE,2014B,-20,70.0
2680,CCC,2013B,-20,63.0
2681,AAA,2014J,-25,
2682,AAA,2014B,-28,77.0
2683,CCC,2014B,-20,28.0
2684,FFF,2014B,-6,14.0
2685,DDD,2013B,-10,
2686,DDD,2013B,-30,
2687,BBB,2014J,-29,77.0
2688,DDD,2014B,-4,
2689,EEE,2014J,-6,
2690,GGG,2013B,-6,
2691,FFF,2014B,-4,
2692,EEE,2014B,-11,70.0
2693,GGG,2013B,-20,14.0
2694,CCC,2014J,-12,
2695,GGG,2013B,-11,
2696,CCC,2014B,-4,
2697,AAA,2014J,-14,
2698,CCC,2014J,-29,
2699,AAA,2013B,-11,
2700,AAA,2014B,-8,
2701,GGG,2014B,-1,
2702,FFF,2014J,-25,35.0
2703,BBB,2013B,-4,
2704,FFF,2014B,-30,
2705,AAA,2014J,-8,35.0
2706,BBB,2014J,-21,
2707,EEE,2014J,-27,
2708,CCC,2014J,-20,
2709,FFF,2014J,-13,
2710,GGG,2014B,-25,
2711,AAA,2014J,-13,
2712,AAA,2014B,-8,
2713,GGG,2014J,-3,
2714,DDD,2014J,-13,
2715,DDD,2013B,-12,
2716,DDD,2014J,-2,
2717,DDD,2014J,-29,
2718,EEE,2014J,-7,
2719,EEE,2014J,0,
2720,BBB,2013B,-5,28.0
2721,EEE,2013B,-2,
2722,EEE,2013B,-3,
2723,AAA,2014B,-12,42.0
2724,CCC,2014B,-6,7.0
2725,FFF,2014B,-19,28.0
2726,EEE,2014J,-27,
2727,AAA,2014J,-28,
2728,AAA,2013B,-25,
2729,EEE,2014J,-8,14.0
2730,DDD,2014B,-18,
2731,GGG,2014J,-5,7.0
2732,DDD,2014B,-20,
2733,GGG,2014B,-6,
2734,BBB,2013B,-3,
2735,DDD,2013B,-20,
2736,AAA,2014J,-14,
2737,EEE,2013B,-14,28.0
2738,BBB,2013B,-3,
2739,DDD,2013B,-19,21.0
2740,CCC,2014J,-18,
2741,BBB,2014B,-6,
2742,AAA,2014B,-2,
2743,DDD,2014B,-30,
2744,GGG,2014B,-28,28.0
2745,BBB,2014B,-2,
2746,CCC,2014B,-17,
2747,BBB,2013B,-13,7.0
2748,FFF,2013B,-3,
2749,CCC,2014J,-18,
2750,GGG,2014B,-17,28.0
2751,BBB,2014J,-4,
2752,AAA,2014J,-8,
2753,EEE,2014J,-9,14.0
2754,EEE,2014B,-19,
2755,GGG,2014J,-9,
2756,GGG,2013B,-5,
2757,GGG,2014B,-2,7.0
2758,EEE,2014J,-11,
2759,CCC,2013B,-3,
2760,DDD,2013B,-5,
2761,AAA,2013B,-8,
2762,DDD,2014B,-14,
2763,CCC,2014B,-17,63.0
2764,AAA,2014B,-11,42.0
2765,BBB,2013B,-3,35.0
2766,DDD,2014B,-14,42.0
2767,CCC,2014J,-9,
2768,GGG,2013B,-13,
2769,DDD,2014J,-10,
2770,GGG,2013B,-9,
2771,EEE,2013B,-29,
2772,AAA,2013B,-27,
2773,BBB,2013B,-29,
2774,EEE,2014B,-7,
2775,DDD,2014B,-3,
2776,CCC,2014B,-19,
2777,DDD,2013B,-28,
2778,GGG,2014B,-30,
2779,CCC,2014J,-17,
2780,AAA,2013B,-11,
2781,CCC,2014J,-20,
2782,GGG,2013B,-11,
2783,FFF,2014B,-26,
2784,FFF,2014B,-8,21.0
2785,GGG,2014J,-20,
2786,AAA,2014B,0,
2787,BBB,2014B,-7,
2788,AAA,2014J,-16,7.0
2789,AAA,2013B,-1,
2790,FFF,2013B,0,
2791,GGG,2014B,-24,21.0
2792,BBB,2013B,-13,
2793,FFF,2013B,-10,
2794,DDD,2014B,-19,
2795,AAA,2013B,0,
2796,GGG,2014B,-9,
2797,GGG,2014B,-7,
2798,DDD,2014B,-24,
2799,EEE,2014B,-3,63.0
2800,CCC,2013B,-1,42.0
2801,FFF,2014B,-2,63.0
2802,DDD,2013B,-17,
2803,GGG,2014B,-2,
2804,AAA,2014J,-30,
2805,BBB,2014J,-24,
2806,GGG,2013B,-10,
2807,CCC,2013B,-7,
2808,CCC,2014J,-27,
2809,FFF,2014J,-21,
2810,BBB,2013B,-28,84.0
2811,DDD,2014J,-27,
2812,CCC,2013B,-30,
2813,BBB,2014B,0,14.0
2814,GGG,2013B,-3,84.0
2815,BBB,2013B,-12,
2816,AAA,2014J,-29,
2817,EEE,2014B,-8,42.0
2818,GGG,2013B,-14,
2819,AAA,2014J,-6,
2820,EEE,2013B,-15,
2821,DDD,2013B,-30,
2822,FFF,2014J,-2,35.0
2823,AAA,2014B,-3,
2824,GGG,2013B,-2,
2825,EEE,2014J,-10,
2826,FFF,2013B,-2,
2827,CCC,2014B,-28,28.0
2828,GGG,2013B,-18,
2829,EEE,2014B,-21,
2830,AAA,2014J,-16,
2831,GGG,2014J,-29,28.0
2832,FFF,2014B,-5,7.0
2833,CCC,2014B,-21,
2834,DDD,2014J,-27,
2835,CCC,2014J,-24,
2836,DDD,2014J,-27,
2837,GGG,2014B,-9,
2838,GGG,2014B,-2,7.0
2839,BBB,2014J,-28,
2840,GGG,2013B,-30,
2841,DDD,2014J,-3,
2842,EEE,2014J,-19,
2843,FFF,2014B,-27,
2844,DDD,2014J,-24,
2845,DDD,2014B,-10,
2846,DDD,2014J,-28,
2847,GGG,2014B,-18,
2848,CCC,2013B,0,21.0
2849,BBB,2014J,-17,
2850,CCC,2014J,-25,
2851,BBB,2013B,-7,
2852,CCC,2014J,-17,
2853,AAA,2014B,-18,14.0
2854,AAA,2014J,-23,
2855,FFF,2013B,-7,
2856,AAA,2013B,-15,7.0
2857,DDD,2013B,-15,7.0
2858,FFF,2014J,-7,
2859,FFF,2014J,-19,
2860,DDD,2014J,-10,112.0
2861,BBB,2014B,-25,14.0
2862,GGG,2014J,-13,
2863,FFF,2013B,-17,
2864,EEE,2014J,-15,
2865,AAA,2014B,-19,
2866,AAA,2014J,-26,
2867,CCC,2014J,-2,
2868,BBB,2014B,-18,
2869,GGG,2013B,-7,
2870,BBB,2013B,-2,119.0
2871,BBB,2014J,-17,
2872,GGG,2014B,-5,
2873,FFF,2013B,-17,
2874,BBB,2014J,-28,
2875,CCC,2014B,-3,
2876,DDD,2013B,-4,35.0
2877,EEE,2014J,-13,14.0
2878,GGG,2014B,-5,
2879,GGG,2014J,-10,
2880,GGG,2014J,-6,7.0
2881,AAA,2014J,-29,
2882,BBB,2014J,-5,
2883,DDD,2014J,-24,
2884,AAA,2014J,0,
2885,CCC,2014B,-1,
2886,BBB,2014J,-29,
2887,GGG,2014J,-10,
2888,AAA,2013B,-19,
2889,BBB,2013B,-23,
2890,BBB,2014B,0,
2891,BBB,2013B,-18,
2892,DDD,2014B,-13,
2893,CCC,2013B,-21,
2894,GGG,2014J,-9,
2895,BBB,2014J,-23,
2896,DDD,2013B,-19,14.0
2897,EEE,2014J,-9,
2898,EEE,2013B,-24,
2899,FFF,2014J,-6,
2900,BBB,2014J,0,21.0
2901,DDD,2014J,-9,14.0
2902,FFF,2014B,-19,
2903,GGG,2013B,-25,70.0
2904,EEE,2014J,-13,
2905,EEE,2013B,-17,
2906,GGG,2014B,-23,
2907,EEE,2013B,-19,
2908,GGG,2014J,-1,21.0
2909,AAA,2014B,-25,
2910,CCC,2014B,-22,35.0
2911,AAA,2013B,-20,
2912,AAA,2014J,-2,
2913,DDD,2013B,-19,
2914,BBB,2014J,-21,
2915,CCC,2014J,-21,
2916,DDD,2013B,-1,
2917,EEE,2014J,-20,28.0
2918,GGG,2013B,-19,
2919,FFF,2014J,-19,
2920,CCC,2014J,-3,
2921,CCC,2013B,-8,
2922,FFF,2013B,-12,
2923,AAA,2013B,-24,
2924,DDD,2014J,-27,42.0
2925,CCC,2014J,-28,
2926,BBB,2013B,-21,
2927,EEE,2014J,-6,
2928,CCC,2014J,-7,
2929,BBB,2014B,-6,168.0
2930,EEE,2013B,-10,
2931,BBB,2014B,-15,28.0
2932,EEE,2014B,-19,21.0
2933,BBB,2014J,-8,
2934,DDD,2014B,-24,112.0
2935,FFF,2013B,-28,
2936,BBB,2013B,-5,
2937,FFF,2014B,-16,168.0
2938,FFF,2014B,-11,
2939,GGG,2014B,-1,
2940,BBB,2014J,-9,
2941,FFF,2013B,-7,
2942,GGG,2014J,-16,63.0
2943,FFF,2014B,-21,
2944,BBB,2014J,-20,63.0
2945,FFF,2014J,-3,
2946,AAA,2014J,-19,
2947,EEE,2014J,-2,
2948,DDD,2014B,-30,
2949,DDD,2014B,-21,
2950,DDD,2014B,-1,21.0
2951,AAA,2013B,-13,
2952,DDD,2014J,-19,
2953,GGG,2014J,-25,
2954,DDD,2014B,-16,
2955,BBB,2014J,-1,
2956,GGG,2014B,-19,
2957,AAA,2013B,-16,
2958,DDD,2014J,-19,35.0
2959,DDD,2014B,-4,
2960,DDD,2014J,-9,
2961,GGG,2013B,-11,
2962,CCC,2014B,-10,
2963,GGG,2014J,-18,
2964,AAA,2013B,-5,21.0
2965,FFF,2014J,-11,
2966,EEE,2014B,-28,
2967,BBB,2013B,-19,
2968,BBB,2014J,-3,
2969,FFF,2014J,-23,42.0
2970,EEE,2014B,-1,
2971,EEE,2014B,-5,
2972,AAA,2014J,0,
2973,EEE,2013B,-6,
2974,GGG,2014B,-27,
2975,AAA,2014B,-25,
2976,DDD,2013B,-15,
2977,DDD,2013B,-19,
2978,GGG,2014B,-1,70.0
2979,BBB,2014J,-4,
2980,DDD,2014B,-7,
2981,FFF,2013B,-1,
2982,AAA,2014J,-29,
2983,FFF,2013B,-9,
2984,FFF,2013B,-4,21.0
2985,FFF,2013B,0,
2986,EEE,2014J,-5,35.0
2987,FFF,2014J,-5,56.0
2988,FFF,2013B,-6,
2989,GGG,2014B,-27,
2990,CCC,2014J,-18,
2991,DDD,2014J,-3,
2992,EEE,2014J,-11,
2993,BBB,2013B,-22,
2994,FFF,2013B,-8,
2995,FFF,2013B,-30,14.0
2996,EEE,2014J,-18,
2997,CCC,2014B,-7,
2998,CCC,2014B,-6,42.0
2999,DDD,2014B,-15,
3000,EEE,2014B,-22,
